val,ars
-0.332,-0.0899
-0.2054,0.12494
-0.285,0.1963
-0.1512,0.343
-0.3638,-0.146
0.1362,0.7886
-0.4004,0.766
-0.2703,0.0807
-0.3618,0.7876
0.07153,0.4832
-0.06152,0.379
-0.4768,-0.1412
-0.3274,0.4917
0.4473,0.4397
-0.4602,0.2316
-0.1037,0.06775
-0.03183,0.1841
-0.1417,0.09436
-0.2556,0.3845
-0.192,-0.008255
-0.7915,-0.2498
-0.4019,0.785
-0.2815,0.4883
-0.1686,0.4734
-0.1797,0.3564
0.272,0.2815
-0.07404,0.0858
-0.2112,0.063
-0.008865,0.682
-0.07,-0.03014
-0.649,0.1301
-0.303,0.3096
0.0064,0.1542
-0.0707,0.4424
0.02663,0.1781
-0.2349,0.03546
-0.3154,0.1467
-0.2483,0.5273
-0.8438,-0.1598
-0.505,-0.1311
-0.1782,0.155
-0.1268,0.01906
0.2009,0.2338
0.6475,0.04404
-0.507,0.3574
-0.6045,-0.10986
0.04816,0.7256
-0.5093,0.2
-0.8267,-0.2324
-0.3232,0.1173
-0.2297,0.3691
0.4788,0.02766
0.0327,0.795
-0.7324,-0.05173
-0.4575,0.011925
-0.1572,0.1282
0.7056,0.0876
-0.2091,0.2996
-0.3477,-0.09174
-0.0997,0.616
-0.08405,0.0932
-0.4844,0.7236
0.1266,0.2018
-0.7686,-0.2815
-0.3262,0.3755
-0.136,0.1761
-0.261,-0.00433
-0.565,0.4883
-0.3535,0.05655
-0.2477,0.4268
0.7026,0.1205
0.3066,0.695
-0.3376,0.010925
-0.10913,0.6953
-0.658,-0.2125
0.6523,0.0767
0.3274,0.2346
0.6855,0.09973
0.7417,0.10315
-0.3691,-0.12384
-0.691,-0.12103
-0.333,-0.005177
-0.85,-0.2113
-0.04272,0.3237
-0.3818,0.3013
-0.1306,0.02
-0.7974,-0.2324
-0.7676,-0.2097
-0.417,0.3413
0.001626,0.02861
0.303,0.03644
-0.2065,0.07404
-0.2551,0.3167
-0.315,-0.00715
0.724,0.1304
0.1521,0.2455
-0.1448,0.02954
-0.449,0.2426
-0.4521,-0.1466
0.04114,0.582
-0.3545,0.02219
-0.5156,0.2103
-0.503,0.5117
-0.644,-0.2205
0.2227,0.4392
0.512,0.1107
0.1353,0.6577
-0.53,0.5693
-0.0969,0.4827
-0.528,0.2343
0.7144,0.1233
-0.0932,0.073
-0.468,0.5176
0.0333,0.6973
-0.4739,0.4895
-0.3728,0.2128
0.359,0.2166
0.3914,0.4016
-0.04932,0.1214
-0.2163,0.845
-0.2786,0.2576
-0.00925,0.2515
-0.4294,0.5083
0.716,0.09863
0.3086,0.2306
-0.466,0.3188
-0.3577,0.1156
-0.3044,0.28
-0.1664,0.529
0.02034,0.1498
-0.1544,0.7256
-0.1674,0.12103
0.0325,0.1376
-0.2336,0.2532
0.713,0.1143
0.1847,0.5874
0.5938,0.2452
-0.5757,0.56
-0.5557,0.0588
-0.5103,0.4019
0.592,0.349
-0.07214,0.794
0.03265,0.626
-0.189,0.7505
-0.08466,0.6665
-0.5796,0.5815
-0.1946,-0.0234
-0.0912,0.4465
-0.829,-0.2345
0.2188,0.1247
0.3567,0.1731
-0.4973,0.5645
-0.07996,0.01762
0.654,0.11316
0.7065,0.09265
-0.04895,0.3325
-0.3408,0.4346
-0.582,0.5293
-0.3447,-0.1007
0.6553,0.203
-0.4163,0.0666
0.02472,0.4573
-0.1289,0.04202
0.3462,0.2189
-0.04834,0.1896
-0.1903,0.2313
-0.2048,0.01394
-0.3784,0.04254
-0.114,0.212
-0.2686,0.7075
-0.3918,0.1127
-0.4868,-0.0913
-0.3264,0.088
-0.5273,-0.159
-0.4832,0.578
-0.1368,0.1498
-0.5615,0.1465
-0.3604,0.4026
-0.6646,-0.2651
-0.556,0.5264
-0.118,0.0809
-0.3755,0.443
0.4717,0.4863
-0.41,0.3916
0.5566,0.02731
-0.1203,0.0821
-0.0354,0.1004
0.4473,0.466
0.1647,0.7744
-0.149,0.01874
0.7305,0.1737
-0.4868,0.4258
-0.1371,0.1039
-0.4358,0.5854
-0.5054,-0.0874
-0.2328,0.1853
0.2878,0.2384
-0.2311,0.4219
-0.3083,0.475
-0.4478,-0.214
-0.544,-0.1975
0.1469,0.562
-0.4038,0.3186
0.6934,0.0852
0.6553,0.3604
-0.1246,0.259
-0.0163,0.2979
-0.09735,0.2732
-0.1848,0.01788
0.3054,-0.01397
0.7217,0.1349
0.379,0.09283
-0.596,-0.1178
-0.3303,-0.099
-0.292,0.16
-0.07153,0.4158
0.1729,0.741
-0.6113,-0.1989
0.05426,0.4302
-0.1846,0.1109
-0.5654,0.4746
-0.499,0.6006
0.003847,0.1624
-0.359,-0.01587
-0.559,0.5913
-0.03442,0.3213
0.2898,0.0534
0.4292,0.6514
0.2676,0.0335
-0.221,-0.06775
-0.3723,0.3948
0.69,0.1506
0.014015,0.7246
-0.00888,0.736
-0.3857,0.3936
0.7153,0.1317
-0.732,-0.2947
-0.2502,0.733
0.658,0.11426
-0.141,0.2866
-0.1725,0.0716
-0.505,-0.02155
-0.173,0.02531
-0.505,0.648
-0.611,-0.2286
-0.0657,0.814
-0.8086,-0.2002
-0.3794,0.05573
0.7275,0.1665
-0.464,-0.1683
-0.2878,-0.02333
-0.2822,0.315
0.6055,0.1548
0.1115,0.1544
-0.4163,0.3381
0.0456,0.64
-0.4133,0.3567
0.5547,0.3743
-0.544,0.634
-0.5874,-0.2573
-0.418,0.4526
-0.5073,-0.0752
-0.535,-0.2205
-0.0839,0.00911
-0.4934,0.4775
0.02432,0.715
-0.143,0.1196
-0.03412,0.09973
0.0691,0.2556
-0.1033,0.2722
0.505,0.1741
-0.454,0.4468
-0.3958,-0.1812
0.6963,0.1073
-0.569,0.3152
-0.3564,0.359
-0.05237,0.06683
0.7144,0.0911
-0.0657,0.02768
-0.297,-0.01365
0.05313,0.8135
-0.289,0.636
-0.38,0.677
-0.01605,0.539
-0.4949,0.5815
-0.2551,0.001064
0.541,-0.00551
0.04764,0.7173
-0.1195,0.2505
-0.508,0.622
-0.01776,0.4463
-0.2007,0.5967
-0.2822,0.2084
-0.6284,0.2311
-0.4988,0.1444
-0.1917,0.2317
-0.3096,0.169
0.553,0.01924
-0.1089,0.7534
-0.4805,0.713
-0.10693,0.4478
-0.798,-0.067
-0.345,-0.0795
0.1459,0.677
-0.528,0.1732
0.201,0.3118
-0.1398,0.75
0.1425,0.03796
0.4292,0.633
0.2734,0.709
0.3516,0.0416
-0.213,0.0844
-0.477,0.6025
0.11957,0.8228
0.0376,0.0395
-0.6567,-0.202
-0.7134,-0.2913
-0.006218,0.725
-0.4763,0.425
0.5513,0.0699
0.375,0.1685
0.3027,0.3384
-0.747,-0.259
0.10315,0.25
-0.5825,-0.2507
-0.8496,-0.1548
0.02489,0.2411
0.05423,0.5435
0.6772,0.11816
-0.2445,0.02875
-0.6924,0.01464
0.363,0.0677
-0.199,0.633
-0.8433,-0.1722
-0.2944,0.1564
0.6836,0.08936
-0.1423,0.0344
-0.1791,0.8354
0.3215,0.3435
-0.2214,0.4502
-0.5454,0.2405
-0.4587,-0.069
0.45,0.1132
0.03052,0.7153
-0.595,0.4155
-0.344,0.2351
0.0587,0.4524
-0.3674,0.0596
-0.007504,0.2386
-0.4272,0.545
0.0907,0.751
0.672,0.0811
-0.3516,-0.006157
0.663,0.08563
-0.536,0.181
-0.514,0.716
-0.1465,0.47
0.3647,0.3044
-0.3,0.4536
-0.14,0.3975
0.04315,0.534
-0.4453,0.5264
-0.3357,0.00507
-0.388,0.3552
-0.2646,0.06128
0.71,0.1277
0.6733,0.06177
0.02501,0.7046
-0.1377,0.1957
-0.1874,0.6196
0.03854,0.1919
0.1461,0.3735
-0.0389,0.6274
0.7246,0.1127
-0.181,0.59
-0.2086,0.0839
-0.4592,0.0742
-0.3767,0.331
-0.4739,0.3994
-0.3025,0.423
-0.5923,-0.1918
-0.07135,0.5674
-0.602,-0.2222
-0.08734,0.1052
-0.4946,0.4238
-0.1459,0.2725
-0.4958,0.638
0.519,0.01648
-0.2229,-0.04688
0.6733,0.1255
-0.2474,0.42
-0.4172,0.4023
-0.2026,0.2368
-0.543,0.1464
0.2954,0.241
-0.275,0.421
-0.4827,0.1709
-0.0265,0.673
0.7236,0.1587
-0.5625,-0.2191
0.3022,0.02495
-0.5405,-0.1448
-0.212,0.245
-0.0744,0.487
0.2166,0.1537
0.608,0.1072
0.0305,0.549
-0.617,-0.1831
-0.2632,0.4043
-0.0871,0.08167
0.1909,0.1545
-0.4583,0.4995
0.09644,0.1736
-0.6665,0.1356
0.04364,0.399
-0.414,0.4944
-0.4263,-0.1252
-0.0443,0.5283
0.1713,0.1266
0.0479,0.6323
0.0951,0.4136
0.1417,0.4905
-0.8496,-0.1566
-0.4175,-0.1301
-0.575,-0.02695
-0.5244,0.6416
-0.12384,0.7754
-0.5825,-0.02075
-0.3684,0.2487
-0.1942,0.2778
0.1995,0.2301
0.5654,0.5244
0.4126,0.3425
-0.001978,0.755
-0.409,0.08826
0.3962,0.4854
-0.5054,-0.09247
-0.537,-0.06073
0.312,0.1948
-0.1721,0.7837
0.501,0.0874
-0.2156,0.2776
0.216,0.799
-0.2305,-0.01714
-0.505,0.6377
-0.3535,-0.12317
-0.1945,0.789
-0.01119,-0.04233
-0.1204,0.07837
0.458,0.03555
0.02888,0.7417
-0.505,0.586
-0.4705,0.631
0.3848,0.0861
0.523,0.003057
0.6416,0.0861
-0.5195,0.6606
0.503,0.0703
-0.2532,0.322
-0.1886,0.293
0.231,0.219
0.0372,0.456
-0.11664,0.2324
0.4333,0.4768
0.6484,0.05872
-0.586,0.325
-0.0646,0.7075
-0.473,0.03336
-0.10974,0.366
-0.4517,0.1741
-0.2893,-0.01788
0.003313,0.0579
-0.6235,0.468
0.4316,0.0782
-0.524,-0.19
0.1505,0.679
-0.4165,0.5034
-0.8003,-0.000717
0.6943,0.1428
-0.302,0.3267
0.6885,0.1858
0.1708,0.7
0.32,0.2135
0.6787,0.1155
0.3262,0.0577
-0.2164,0.03342
-0.4211,-0.1367
0.6,0.3064
-0.289,0.004654
0.03888,0.7456
-0.2101,-0.06854
-0.4895,0.57
-0.518,0.398
0.1649,0.0823
0.584,0.4858
-0.355,0.6826
0.02928,0.0289
0.4226,0.0943
-0.1512,0.0706
-0.1866,0.0829
0.6616,0.0799
0.2076,0.2404
-0.4512,0.5176
-0.4465,0.4998
-0.66,-0.2157
-0.2668,0.1621
-0.683,-0.2888
-0.2817,0.3252
0.008575,0.1537
0.04037,0.766
-0.5205,0.5024
0.586,0.04065
-0.2783,0.2544
-0.1855,0.0819
0.112,0.644
-0.08496,0.068
0.5156,0.02327
0.1483,0.751
-0.5347,-0.2175
0.68,0.0643
0.1812,0.7427
0.6006,0.03214
0.662,0.1328
0.3054,0.776
-0.3848,0.3003
-0.5674,0.6016
-0.3303,0.06635
-0.576,0.557
-0.3672,0.284
-0.0417,0.382
0.02933,0.7354
-0.0995,0.0308
0.0639,0.0833
0.6177,0.10754
-0.5127,0.1455
-0.09424,0.6167
-0.1285,0.1484
0.48,0.6562
-0.521,-0.0949
-0.4,0.3032
-0.3025,-0.0797
-0.1392,0.1454
0.5493,0.05045
-0.1278,0.1626
-0.01952,0.794
-0.4417,0.03403
-0.1696,-0.01268
0.5576,0.04398
-0.2795,0.188
-0.3628,0.3137
-0.3242,-0.09534
-0.1188,0.2754
-0.4978,0.462
-0.2166,0.1632
-0.283,0.2622
0.5054,0.0573
-0.3035,0.2164
-0.2172,0.1572
-0.005943,0.077
0.631,0.1102
0.2229,0.7427
0.3574,0.2766
-0.487,0.5117
0.0602,0.6523
-0.1785,0.8174
0.527,0.0504
-0.524,-0.154
-0.6816,0.265
-0.0965,0.7017
-0.2196,0.03044
0.08325,0.1956
-0.1298,0.5034
-0.11536,0.2607
0.01608,0.33
-0.5107,-0.1842
0.09247,0.6055
-0.3628,-0.02275
0.575,0.1818
-0.1389,0.2915
-0.0566,0.037
-0.4155,-0.0921
0.127,0.7344
-0.409,0.3735
-0.5986,-0.02849
-0.4856,0.337
0.203,0.0841
-0.2412,0.08386
0.1104,0.724
0.2089,0.7915
0.585,0.0684
0.0392,0.4622
-0.2788,0.1622
-0.862,-0.1583
-0.1818,-0.0424
0.7188,0.1299
-0.116,0.1444
-0.1255,0.1242
0.03278,0.00346
0.1101,0.4692
-0.2764,0.6953
0.645,0.1108
0.2537,0.2461
0.04715,-0.02318
-0.834,-0.2278
-0.2954,-0.1345
0.6284,0.07996
-0.2632,0.661
-0.389,0.3777
-0.321,0.2084
-0.4915,0.518
-0.501,0.5747
-0.0416,0.02913
-0.11346,0.738
-0.09344,0.272
-0.1929,0.1685
-0.0387,0.8193
-0.4988,0.401
0.6836,0.197
-0.1873,0.742
0.711,0.2052
-0.487,0.1191
-0.4136,0.75
-0.29,0.09985
0.6587,0.11584
-0.5415,0.3394
0.3003,0.11053
-0.7563,-0.2208
0.0921,0.7485
-0.3022,0.2988
-0.2485,-0.07465
0.11206,0.623
-0.2551,0.5107
-0.1871,-0.05182
-0.0969,0.71
-0.5938,-0.2408
-0.2793,-0.1615
-0.8423,-0.1858
-0.0751,0.772
0.413,0.6885
-0.1,0.4478
-0.2085,0.2922
-0.5083,0.4775
0.2072,0.435
-0.2137,0.3447
-0.2446,0.1473
-0.4543,0.1469
0.545,0.04977
-0.2024,0.0353
0.6606,0.1825
-0.4597,0.4658
0.1974,0.4739
-0.2815,0.3484
-0.0345,0.1439
0.3235,0.2688
-0.2357,-0.0423
0.067,0.666
-0.05078,0.5415
0.034,0.1621
0.6265,0.08887
-0.4463,0.514
0.399,0.08875
-0.4133,0.3213
-0.01787,-0.06323
-0.536,0.594
0.1542,0.702
-0.6777,0.2418
0.7065,0.1582
-0.4338,0.4927
0.05334,0.6846
-0.4373,0.5913
-0.1521,0.195
0.669,0.08905
0.1711,0.2191
-0.21,0.1007
-0.1768,0.1416
0.014175,0.8135
-0.1823,0.01598
-0.3772,0.03387
-0.2468,0.7876
-0.02916,0.57
-0.273,-0.0913
-0.1048,0.0122
-0.328,0.397
-0.01555,0.2094
0.7163,0.1177
0.68,0.10693
0.03857,0.661
-0.2169,-0.0608
-0.551,0.587
-0.08716,0.7637
-0.2303,-0.063
-0.4644,-0.2356
-0.01947,0.653
-0.4824,0.5635
0.05472,0.02438
0.4495,0.664
-0.433,0.5317
-0.3728,0.2073
-0.00613,0.52
-0.2815,-0.001263
-0.398,0.4478
-0.074,-0.03116
-0.465,0.1923
0.2095,0.7314
-0.1339,-0.03128
-0.732,-0.1727
0.7114,0.1339
-0.3635,-0.0982
-0.294,0.552
-0.2766,0.04715
-0.596,0.3254
0.592,0.0995
-0.8457,-0.1781
0.0546,0.2286
0.3738,0.1093
-0.1802,0.2664
-0.1975,0.1912
-0.466,0.1443
-0.4006,0.39
-0.516,-0.1576
-0.4133,0.1284
0.6953,0.0788
-0.6157,0.2183
-0.5444,0.393
0.4678,0.0607
0.03317,0.08844
-0.005684,0.2308
-0.1606,0.01109
-0.511,-0.1278
0.0372,0.662
0.1245,0.0768
-0.268,0.2423
-0.2015,0.6304
-0.2412,-0.1108
-0.3303,0.3513
-0.4424,0.003164
-0.2507,-0.03693
0.09924,0.1011
-0.2483,0.278
0.004517,0.012314
-0.2446,0.361
-0.3804,0.01054
-0.2805,0.3313
-0.4983,-0.1228
-0.6343,0.3215
-0.462,0.7334
0.04376,0.1101
0.5127,0.012924
-0.2942,-0.0683
-0.3213,-0.00952
-0.145,0.768
-0.2644,0.1753
-0.4087,0.4172
-0.2856,-0.06604
-0.5576,-0.2113
-0.258,0.01163
0.000573,0.73
0.266,0.41
-0.11316,0.3474
-0.0979,0.673
-0.011536,0.122
-0.2969,0.4893
-0.214,0.1769
-0.59,-0.0772
-0.0957,0.08966
-0.04517,0.1671
0.2603,0.726
0.002052,0.2573
-0.4766,0.093
0.2756,0.3076
-0.1814,0.05453
0.1854,0.7524
-0.544,0.4631
0.00953,-0.000974
-0.4429,-0.1624
-0.261,0.04202
-0.825,-0.2406
-0.4587,0.606
-0.0375,0.5566
-0.563,0.6147
0.2666,0.678
-0.4111,0.2257
-0.3909,0.1895
-0.05188,0.2695
-0.09845,0.7925
-0.5825,-0.1558
-0.2117,0.09467
0.689,0.1383
-0.72,-0.1741
-0.4534,0.5854
-0.4785,0.4385
0.7026,0.1373
-0.12164,0.349
-0.1394,0.1987
-0.1273,0.591
0.1312,0.1572
-0.1096,0.1621
0.4307,0.1483
0.639,0.232
0.569,0.4504
0.655,0.11053
-0.12335,0.305
-0.445,-0.2048
-0.2993,0.1355
-0.3816,0.3992
0.3562,0.1202
0.607,0.0993
-0.2837,0.8247
-0.1477,0.6187
0.6855,0.1442
0.0659,0.76
-0.3296,0.4028
0.605,0.12445
-0.10425,0.1317
-0.0761,0.5605
0.2847,0.7705
-0.2389,0.1688
-0.2074,-0.0801
0.10205,0.327
-0.04236,0.538
-0.3896,0.4272
-0.0953,0.15
0.708,0.11206
0.001202,0.3699
-0.347,0.4512
-0.592,0.2319
-0.0359,0.823
0.2427,0.744
-0.533,-0.06476
-0.01756,0.726
-0.4963,0.697
-0.3599,0.4138
0.376,0.05435
-0.491,0.3818
-0.4856,0.5557
-0.497,0.526
-0.0808,0.1101
-0.612,0.3042
-0.4353,-0.1451
-0.02397,0.7188
0.586,0.1412
-0.732,-0.255
-0.2712,0.1096
-0.4626,0.5
-0.8013,-0.2803
-0.7446,0.1021
-0.5107,0.541
0.3767,0.057
-0.1647,0.813
-0.137,0.7124
-0.523,0.712
-0.3206,0.05124
0.668,0.1896
-0.3193,0.1448
-0.3396,-0.1031
0.4917,0.07465
-0.2993,0.2212
0.697,0.0912
-0.2167,0.1616
-0.3438,0.4268
0.4075,0.04102
0.686,0.1511
-0.1273,0.0175
-0.03015,0.525
-0.508,0.4822
-0.000794,0.7573
-0.4617,0.6377
0.2732,0.2151
-0.437,0.4187
0.0621,0.7974
-0.5044,0.1958
0.7,0.1334
0.014305,0.531
-0.4253,0.492
-0.3875,0.405
-0.02858,0.3118
-0.05905,0.1681
-0.4607,0.502
-0.309,0.0763
0.257,0.0937
-0.3315,0.428
-0.415,0.8027
-0.768,-0.201
0.4055,0.3936
-0.3289,-0.1255
-0.6006,0.1093
-0.3503,-0.05185
0.1927,0.282
-0.5337,0.4353
-0.07294,0.2847
-0.02916,0.1217
-0.2175,-0.136
-0.0957,0.04672
-0.581,0.563
-0.3535,0.2742
0.01514,0.02544
-0.3252,0.7334
0.2013,0.2448
0.1666,0.1017
0.4792,0.0721
0.715,0.1476
-0.4421,0.5283
-0.2576,0.05853
-0.4805,0.754
0.3125,0.6587
0.607,0.10736
0.6953,0.1953
-0.554,-0.2327
-0.2284,0.1388
-0.687,-0.2164
-0.4631,-0.03207
0.1506,0.6543
-0.6953,0.1804
-0.4597,0.6074
-0.154,0.612
-0.5186,-0.2329
-0.268,0.683
-0.4946,0.362
-0.2362,0.6504
0.00401,0.612
-0.5244,0.531
-0.03705,0.03778
0.33,0.591
0.6606,0.1086
-0.1974,-0.015434
-0.3875,-0.002817
-0.03802,0.62
0.1344,0.791
-0.616,0.4368
0.6665,0.11237
-0.3057,0.2046
-0.2485,0.461
-0.4336,0.5537
-0.2957,0.46
0.1932,0.664
0.2461,0.156
0.2664,0.0212
0.343,0.6855
0.186,0.7065
-0.4746,0.4258
-0.4463,0.2786
-0.3516,0.1326
0.2251,0.744
-0.09644,0.3086
0.1191,-0.007298
-0.4543,0.4387
-0.4849,0.452
0.574,0.03403
-0.1305,0.1483
-0.1523,0.3174
-0.6772,-0.1803
0.3684,0.0658
-0.007248,0.1092
-0.5205,0.61
-0.2993,0.525
0.6616,0.3896
0.003542,0.607
-0.04376,0.4917
0.69,0.074
-0.252,0.2188
-0.1581,0.07764
0.1032,0.6353
-0.2546,0.04462
0.01386,0.0388
-0.5806,-0.2866
-0.07635,0.02992
-0.142,0.0089
-0.4692,0.4292
-0.3267,0.417
-0.3176,0.1731
-0.3728,0.3445
-0.129,0.0531
-0.1279,0.5415
-0.3538,0.0953
-0.0994,0.3062
-0.2778,0.3103
-0.2668,0.2847
-0.0837,0.0394
-0.4868,0.5703
-0.1665,0.186
0.6685,0.1153
0.662,0.1003
-0.0672,0.12396
-0.02197,0.01563
-0.501,0.51
-0.431,0.4922
-0.5044,0.517
0.1118,0.589
-0.0882,0.0614
0.481,0.1002
-0.1748,-0.04
-0.3242,0.1605
0.6484,0.0431
-0.1032,0.1583
0.6763,0.1376
-0.5244,0.4028
-0.0753,0.798
-0.1528,0.7134
-0.1243,0.09515
0.6875,0.1263
0.2473,0.126
0.0093,0.02513
0.7075,0.0767
0.07513,0.02019
-0.5483,0.553
-0.4507,0.35
-0.4563,0.374
-0.2603,-0.0627
0.1079,0.698
-0.222,0.2448
-0.3552,0.3413
0.2896,0.672
0.0437,0.2288
0.558,0.01888
0.2725,0.01273
0.002968,0.592
-0.3154,0.4043
-0.3877,0.3672
0.00882,0.2278
0.032,0.7104
-0.1577,0.7734
-0.5083,0.008736
-0.4263,0.344
-0.227,0.10974
0.667,0.128
0.04163,0.2888
0.003387,0.7188
-0.4607,-0.09534
0.6978,0.0528
-0.436,0.1711
0.014626,0.1666
-0.229,0.2358
-0.81,-0.1516
0.1161,0.1315
-0.388,0.4414
-0.0854,0.86
-0.644,-0.293
-0.3455,0.6177
-0.3757,0.3843
0.6494,0.09326
-0.354,0.704
0.629,0.05206
-0.4678,0.524
-0.2487,-0.0581
-0.1317,0.2664
-0.2485,0.04062
-0.2303,0.596
0.1053,0.3528
-0.03317,0.51
0.4958,-0.009026
0.0842,0.517
-0.5024,0.0378
-0.407,0.132
-0.4565,0.493
-0.6343,-0.12036
-0.2542,0.2227
-0.517,0.4995
0.7285,0.1121
-0.416,0.4343
-0.717,-0.11774
-0.441,0.466
-0.2886,-0.09454
0.573,0.05377
-0.4539,0.453
-0.1725,-0.07983
-0.4849,0.2522
0.04208,0.4739
-0.627,-0.2522
0.1627,0.02078
-0.3972,0.738
-0.3875,-0.0996
-0.4136,0.459
-0.548,0.605
-0.3623,0.1187
-0.02081,0.1941
-0.326,-0.01148
-0.4094,0.047
-0.4346,0.0529
-0.3438,-0.133
0.05365,0.817
-0.5527,0.1881
-0.1276,0.4019
-0.1271,0.10974
-0.502,0.289
-0.352,0.7695
-0.48,0.6533
-0.452,0.325
-0.4019,0.236
-0.4126,0.3586
0.695,0.12213
0.133,0.594
-0.3645,0.4236
-0.1083,0.01446
-0.0327,0.2262
-0.5366,0.2009
0.02597,0.7695
-0.03674,0.47
-0.545,0.11847
-0.3555,-0.05164
-0.4348,0.0965
-0.2305,-0.02374
-0.5537,0.1632
-0.583,-0.1982
0.001775,0.789
-0.3418,0.4275
-0.3386,0.3665
-0.5024,0.5107
0.551,0.06885
0.0459,0.211
-0.518,0.5625
0.459,0.107
0.2029,0.0845
-0.8477,-0.2052
-0.0302,0.7466
-0.4614,-0.005898
-0.2103,0.2205
-0.1487,0.2817
-0.03253,0.7754
-0.2695,0.2064
0.2844,0.6733
-0.4844,0.4753
0.068,0.5986
-0.41,0.4268
-0.8066,-0.2261
-0.09955,0.03763
0.1682,0.727
-0.746,0.00781
-0.1359,0.6245
-0.1614,0.02362
-0.2213,0.1365
-0.1906,0.849
-0.1755,0.2299
0.7104,0.1056
0.004017,0.6816
-0.3994,0.7993
-0.1136,0.652
-0.1698,0.2452
-0.2052,0.04303
-0.6636,-0.2493
0.1553,0.726
-0.4507,0.5156
-0.5547,-0.1935
-0.494,0.3982
0.4766,0.3345
-0.2932,0.43
-0.12274,0.7974
-0.0899,0.8013
-0.1787,0.1497
-0.04614,0.08044
0.4788,0.0687
-0.4897,0.566
-0.3647,0.2544
0.014824,0.1664
-0.6025,-0.1299
-0.2666,0.000842
-0.09656,0.3071
-0.2751,0.3545
-0.553,0.11383
-0.459,0.499
-0.05368,0.673
-0.6914,-0.217
-0.4963,0.4568
-0.5435,0.2805
0.05258,0.0745
-0.0515,0.559
0.004864,0.5757
0.07715,0.627
0.03568,0.2668
-0.829,-0.2305
-0.5146,0.652
-0.108,0.05273
-0.1326,0.144
0.6826,0.2825
-0.2172,0.831
0.1616,0.2351
0.5933,0.0436
0.702,0.11725
-0.02715,0.0769
-0.28,0.492
-0.516,0.612
0.685,0.1022
0.1385,0.02936
-0.06903,0.05127
0.684,0.1815
-0.1266,0.56
-0.7783,-0.1965
-0.2485,0.2986
-0.1786,0.4038
0.676,0.10284
-0.8477,-0.1921
-0.1975,0.02519
0.54,0.1536
-0.652,0.1315
0.0739,0.6797
-0.5015,0.1057
-0.0241,0.4827
-0.0996,0.5537
-0.08984,0.05273
-0.256,0.269
0.1637,-0.03885
0.686,0.1506
-0.4375,0.03397
-0.1,0.0768
-0.1458,0.1085
-0.5513,0.005806
0.562,0.05032
0.0305,0.0754
-0.2224,0.1399
0.678,0.1824
-0.231,0.5625
-0.8076,-0.2683
-0.5186,0.4885
0.0872,0.723
-0.05356,0.03366
-0.1686,0.08905
-0.447,0.4988
0.2026,0.000269
-0.281,-0.03424
-0.5044,0.517
-0.1982,0.2013
0.5435,0.1399
0.2472,0.5566
0.0498,0.6587
0.35,0.10876
-0.5044,0.6323
-0.1936,0.4575
-0.2471,0.4038
-0.0781,0.1577
-0.22,0.4624
-0.07477,0.01309
-0.5474,0.516
-0.566,-0.1431
-0.201,0.1132
0.2294,0.6616
-0.5776,0.54
-0.446,-0.2216
-0.206,0.119
0.01248,0.585
-0.5015,0.5234
-0.2703,0.1682
-0.4958,0.544
0.1411,0.4233
-0.1954,0.1389
0.693,0.06354
-0.8496,-0.1548
-0.515,0.59
0.142,0.485
-0.501,0.514
-0.2451,0.663
0.658,0.258
0.713,0.1582
0.0353,0.4817
-0.3928,0.3386
0.4856,0.04294
-0.02916,0.679
-0.369,0.4714
0.0835,0.1437
-0.3801,0.4192
-0.454,0.362
-0.262,-0.04626
0.02829,0.717
-0.0771,0.777
0.643,0.3606
-0.1698,0.806
-0.337,-0.0712
0.4795,0.03766
-0.1832,0.1553
-0.4817,0.4502
-0.3936,0.4011
-0.4412,0.4907
-0.4026,0.3804
-0.03616,0.4238
0.1118,0.4294
-0.1731,-0.0635
-0.1445,0.7505
0.1512,0.794
-0.1163,0.1963
0.5337,0.3428
0.4653,0.081
-0.2832,0.0997
0.692,0.1831
-0.502,0.6406
-0.5317,0.3442
0.609,0.00845
-0.72,-0.0587
-0.3613,-0.002
-0.3772,0.7227
-0.3777,0.4866
-0.1982,0.3242
0.3425,0.04025
-0.2307,0.3025
-0.5137,-0.1145
-0.2427,0.8105
-0.0685,0.1461
0.1099,0.8037
-0.5264,-0.2174
-0.3145,0.5146
0.535,0.0772
0.3123,0.1159
-0.2433,0.1475
0.02666,0.588
-0.1741,0.4253
-0.4749,0.0418
-0.2354,0.4314
-0.3423,-0.09045
-0.497,0.2864
0.1777,0.759
-0.3962,0.4248
-0.843,-0.2014
-0.2123,0.1754
0.529,0.1376
-0.4082,0.5474
-0.4536,0.526
0.04532,0.3203
-0.4448,0.4062
-0.3757,0.4587
0.732,0.1471
-0.4568,0.4983
-0.3948,0.8047
0.4775,0.4465
-0.1646,0.05463
0.221,0.10376
-0.4739,0.7466
0.4038,0.0894
-0.61,-0.1652
0.000628,0.0855
-0.5293,0.654
-0.00949,0.1311
0.01772,0.3718
0.0604,0.369
-0.452,0.4202
-0.545,-0.1073
-0.2637,-0.03357
-0.4475,0.5376
-0.5005,0.5137
-0.3093,0.3142
-0.05127,0.4783
-0.4343,0.3196
-0.4863,0.3767
-0.1998,0.1459
0.1318,0.797
-0.3867,0.5986
-0.4968,0.4478
-0.004364,0.3232
-0.04312,0.3098
-0.3909,-0.010544
-0.7227,-0.3213
-0.456,0.4775
-0.1095,0.04202
0.01366,0.4207
-0.777,-0.1383
-0.1338,-0.00192
-0.11475,0.1582
-0.1959,0.734
-0.3708,0.637
0.698,0.0957
-0.02184,0.7295
0.05988,0.7124
-0.4243,0.4673
-0.3088,0.2031
0.642,0.0594
0.5366,0.02788
0.1937,0.7505
-0.537,0.2302
-0.4558,0.5137
-0.787,-0.2703
-0.1567,0.525
0.7275,0.1519
-0.2179,0.704
-0.0706,0.04483
0.6934,0.1111
-0.3035,0.1636
0.588,0.0961
0.448,0.574
-0.3726,-0.03717
-0.34,0.1697
-0.4836,0.4927
-0.2283,0.2595
0.1161,0.579
0.662,0.05923
-0.3127,0.7744
-0.0827,0.4578
0.00467,0.796
-0.8423,-0.1774
-0.12415,0.4094
-0.01226,0.4795
0.0566,0.628
0.5967,0.0996
0.73,0.1531
-0.5396,-0.03778
-0.4702,-0.0626
-0.2937,0.0736
-0.3545,0.3984
-0.1316,0.5093
-0.5234,-0.0236
0.6714,0.11273
-0.5566,0.1106
0.1794,0.716
-0.358,-0.00983
-0.6333,0.4546
0.05026,0.6724
-0.531,-0.1812
-0.2157,0.4053
-0.10645,0.2316
-0.2854,0.07837
-0.4436,0.5156
0.6895,0.1182
-0.2148,0.0944
0.0722,0.7925
-0.3982,0.4016
-0.3555,0.1829
-0.611,0.2478
-0.09515,0.2145
-0.08636,0.4375
-0.574,0.3972
0.0959,0.703
0.7153,0.10626
-0.425,0.02289
-0.152,0.8076
-0.457,0.7524
-0.5503,0.5703
-0.0539,0.1708
-0.0973,0.6465
0.6855,0.1608
0.1476,0.1023
0.7114,0.1349
0.02502,0.5244
-0.4802,0.531
-0.127,0.04132
0.6284,0.0535
-0.353,0.1357
-0.863,-0.09924
-0.0563,0.00945
0.673,0.1421
-0.752,-0.2283
-0.3162,0.544
0.1046,0.71
-0.4707,0.4956
-0.0906,0.08453
-0.526,0.5967
-0.6753,0.0491
-0.2491,0.1902
-0.5103,0.5635
0.11816,0.3215
0.71,0.1458
-0.5938,-0.1785
0.5537,0.0913
0.02895,0.508
-0.486,0.706
0.705,0.174
0.703,0.1229
-0.5,0.1605
-0.2537,0.4004
0.0405,0.745
-0.1746,0.1376
-0.35,0.5757
-0.4504,-0.12396
0.4282,0.1998
-0.2423,0.0943
-0.1433,0.4287
-0.2401,-0.02202
-0.5337,0.1217
-0.4573,0.2578
-0.2593,-0.09283
0.704,0.145
-0.05258,0.6577
-0.1432,0.42
-0.542,0.4387
-0.02287,0.7476
-0.7603,-0.1907
0.61,0.04877
-0.3547,-0.1197
0.003128,0.598
-0.4775,0.519
-0.1798,0.1812
-0.8555,-0.1985
-0.4272,-0.1349
-0.3223,0.00539
-0.3792,0.1497
-0.3542,0.4092
-0.07654,0.0949
-0.8247,-0.261
0.6113,0.1421
-0.307,0.3694
-0.3586,0.709
-0.173,0.832
-0.001247,0.2095
-0.4514,0.499
-0.3604,0.2081
0.706,0.2415
-0.708,-0.235
-0.7563,-0.285
-0.1153,0.2046
-0.2058,-0.0444
0.699,0.2615
0.03302,0.7476
-0.5117,0.4119
-0.1267,0.4019
-0.3735,0.429
-0.335,0.24
-0.7827,0.03372
-0.2993,0.602
-0.4663,0.651
-0.4758,0.1923
0.647,0.04016
-0.221,0.754
-0.5166,0.07434
-0.4883,0.01425
-0.2009,0.742
-0.448,0.4404
-0.3389,0.538
-0.8223,-0.2379
-0.2008,-0.00838
-0.536,0.3264
0.5273,0.02704
0.2854,0.691
-0.539,-0.06683
0.7144,0.0819
0.3943,0.0944
-0.11053,0.1849
-0.461,0.1296
-0.0162,0.1832
-0.5483,0.5864
-0.5723,0.4583
-0.139,0.306
-0.04752,0.141
0.6914,0.2756
-0.7334,-0.2866
-0.7876,0.0626
-0.44,0.7817
-0.0981,0.661
0.10767,0.7837
-0.4846,-0.118
-0.3352,0.1117
-0.5503,0.5703
-0.139,-0.01869
0.719,0.125
-0.2272,-0.04523
-0.522,0.6494
-0.439,0.7793
-0.02803,0.0678
0.6235,0.0797
0.659,0.0465
0.4436,0.03732
-0.4531,0.52
0.05075,0.791
-0.201,0.04318
0.5283,0.04077
-0.438,0.3057
-0.2603,-0.000165
-0.394,0.325
-0.1963,-0.07605
-0.05957,0.4556
-0.184,0.2817
0.26,0.7715
-0.3403,0.061
-0.5176,0.3303
-0.01889,0.1606
-0.583,0.2396
-0.4595,0.4443
0.71,0.1093
-0.2302,0.1248
-0.3616,-0.0531
-0.4333,0.4277
-0.3645,0.3284
-0.04974,0.1991
0.4624,0.6426
-0.2898,0.7144
0.261,0.5186
0.673,0.211
0.01746,0.03946
-0.8193,-0.10144
-0.05643,0.01953
0.6846,0.134
-0.03754,0.649
-0.192,0.1515
-0.3787,0.1859
0.12134,0.5625
-0.3555,-0.08575
-0.1498,-0.0385
-0.6807,0.1575
-0.1665,0.2737
-0.4844,0.535
-0.754,-0.2008
-0.4043,0.11694
-0.3337,0.1788
-0.499,0.395
-0.4424,0.1536
-0.2126,-0.0007205
-0.7134,-0.275
0.6763,0.2427
0.528,0.01388
-0.3086,0.01146
-0.4873,0.4558
-0.776,-0.2072
-0.4673,0.6924
-0.2693,0.09283
-0.03598,0.6997
-0.547,0.677
-0.2362,0.1641
-0.5596,-0.2812
0.6074,0.05893
0.1633,0.4453
0.033,0.793
0.3496,0.576
-0.4326,-0.06494
-0.04178,0.01646
-0.3892,0.2146
0.1761,0.1666
-0.5205,0.3499
0.436,0.4912
-0.2253,0.3618
-0.51,0.4739
0.0794,0.5146
-0.2727,0.1968
0.5557,0.04886
0.3835,0.774
-0.244,0.2798
-0.2036,0.0953
0.01978,0.2905
-0.557,-0.0943
-0.3884,-0.1538
0.0655,0.763
-0.3713,0.1893
-0.4363,0.4263
-0.3694,0.3225
0.425,0.1571
-0.418,-0.136
-0.3774,0.4138
-0.2454,0.6343
0.1414,0.2052
-0.3093,0.3203
0.7188,0.0959
-0.2399,0.3083
-0.45,0.7817
0.2382,0.801
-0.1699,0.005695
-0.3044,0.677
0.676,0.1383
-0.0685,0.1556
-0.3877,0.364
-0.02274,0.1805
-0.5596,-0.2231
-0.3237,0.4343
-0.5913,-0.2136
-0.0322,0.718
-0.489,0.4575
-0.4827,-0.1184
-0.3247,-0.06067
0.2179,0.748
-0.3757,0.0874
0.0559,0.634
0.5273,0.005455
-0.2158,0.742
-0.509,-0.03152
-0.4646,0.526
-0.0698,0.1578
0.6885,0.1921
0.2634,0.08014
0.5156,0.0694
-0.3118,0.722
-0.4421,0.3984
-0.7783,-0.1984
0.635,0.06555
-0.483,0.4873
-0.4038,0.153
-0.4387,0.5947
-0.3809,0.3972
-0.01437,0.1508
-0.8003,-0.2279
-0.2864,-0.0728
-0.4233,0.413
-0.4043,-0.146
0.712,0.1357
-0.276,0.1403
-0.535,0.151
-0.6,-0.02666
0.3562,0.2189
0.7,0.1672
-0.2235,0.3748
0.04245,0.768
-0.4985,0.196
0.4917,0.648
-0.003628,0.175
-0.657,0.2126
-0.3582,-0.07904
-0.4553,0.4656
-0.484,0.2878
-0.3801,0.463
-0.4666,0.3228
-0.3813,0.3389
-0.7026,-0.05185
0.01044,0.7017
0.02173,0.68
-0.0196,0.1543
-0.2742,0.03345
0.386,0.0903
-0.615,-0.02939
-0.356,0.1488
0.1197,0.097
-0.3206,0.3296
-0.0817,-0.0569
0.2169,0.555
-0.518,0.6123
0.616,0.2593
0.09247,0.7627
0.0736,0.6187
-0.5986,-0.0697
0.00771,0.549
-0.505,0.6377
-0.11597,0.4316
-0.365,-0.1355
-0.1804,0.278
-0.619,-0.1952
0.3357,0.473
-0.505,0.4395
-0.5474,0.2117
0.691,0.10406
-0.006725,-0.01402
-0.798,0.05594
-0.3132,0.1459
-0.3977,-0.10803
0.006824,0.03293
0.7095,0.148
-0.1426,0.7124
-0.2344,0.3518
0.617,0.3162
-0.551,0.1614
0.6562,0.1707
-0.3625,0.712
-0.1575,-0.0335
-0.1636,0.3042
-0.1284,0.108
0.01032,0.506
-0.1649,0.2812
-0.4482,0.7856
-0.4478,0.507
0.1974,0.784
-0.5513,-0.1292
-0.07697,0.043
-0.2208,0.392
0.03372,0.607
-0.03848,0.453
-0.534,0.4905
-0.0931,0.4524
0.1908,0.3162
-0.08417,0.7954
0.6924,0.1337
-0.498,-0.02797
0.689,0.3362
-0.07745,0.8022
-0.2544,0.01093
-0.4893,0.6343
-0.04504,0.11163
0.6885,0.1043
-0.1159,0.3425
-0.7314,-0.1892
-0.2042,0.4756
-0.213,0.003666
-0.4531,0.5703
0.3123,0.10626
-0.0762,0.05234
-0.177,0.79
0.697,0.1483
-0.4543,0.2063
-0.4216,0.4526
-0.56,0.4368
-0.2014,0.6787
0.714,0.12445
-0.8506,-0.149
-0.322,0.822
-0.598,-0.1553
-0.1852,0.497
-0.1846,0.10486
-0.4275,0.7593
-0.8066,-0.2769
-0.12494,0.666
-0.4978,0.5557
0.003107,0.1013
-0.5405,-0.2461
-0.003595,0.704
-0.57,-0.1569
0.299,0.2219
0.5205,0.1825
-0.11646,0.32
-0.1562,0.381
-0.4187,0.4202
0.703,0.2588
-0.4553,0.5967
-0.2659,0.1062
-0.4634,0.212
-0.4143,0.4158
-0.010956,0.0398
-0.01663,0.09106
-0.602,-0.1478
-0.227,0.2164
-0.2922,0.3472
-0.832,-0.2257
-0.2329,0.5244
-0.03503,0.636
0.013725,0.4792
0.4478,0.2351
0.1572,0.02222
0.5254,0.11237
-0.411,0.38
-0.4863,0.568
-0.4456,0.388
0.2428,0.5317
0.1405,0.7056
0.706,0.1454
-0.4553,0.6865
-0.05222,0.5547
0.718,0.11566
-0.1632,0.0624
0.1364,0.08514
-0.3413,-0.1098
0.2913,0.2786
-0.455,0.723
-0.1903,0.03004
-0.519,0.57
-0.4148,0.2168
-0.03848,0.4497
-0.1696,0.239
0.3196,0.4275
0.6343,0.15
-0.493,0.5107
-0.487,-0.1548
-0.5312,-0.2327
0.1698,0.243
-0.05316,0.529
0.02432,0.8228
-0.1372,0.04834
-0.3025,0.3074
-0.7607,-0.1932
0.0283,0.726
0.196,0.8027
-0.5425,0.5444
-0.431,0.10974
0.4307,0.12396
-0.2998,0.6523
-0.522,0.571
-0.05518,0.08154
-0.02075,0.06445
-0.08997,0.1862
0.1049,0.7095
-0.343,-0.06903
0.02258,0.545
0.5703,0.1006
0.02498,0.2954
-0.1346,0.2314
-0.05695,0.1302
0.09924,0.4739
-0.3577,-0.1581
-0.1348,0.05243
-0.00634,0.4485
0.15,0.6704
0.548,0.0231
0.7065,0.1195
-0.2664,0.1998
-0.5664,0.5127
0.666,0.1987
-0.2123,0.012245
-0.1813,0.2695
-0.1257,0.05197
-0.3618,0.565
-0.482,0.4912
-0.01834,0.2678
-0.466,0.504
-0.0645,0.0669
-0.244,0.0922
-0.2063,0.6396
-0.548,-0.0308
-0.4358,0.6167
0.1227,0.6143
-0.4473,0.4197
-0.2047,0.0408
-0.4324,0.491
-0.0867,0.359
-0.1584,0.337
-0.10614,0.1278
-0.5356,0.51
0.1544,0.473
-0.3843,0.1835
-0.3406,-0.05817
0.0952,0.736
0.1572,0.7676
0.155,0.02931
-0.4226,0.775
-0.036,0.3767
0.6357,0.1583
-0.04623,0.01567
-0.4626,0.7134
0.418,0.0987
-0.0812,0.0881
-0.4875,0.4944
0.0983,0.1228
-0.6064,0.187
-0.3,0.00851
-0.6133,0.5713
-0.00919,0.1565
0.6465,0.12024
-0.1345,0.62
0.6597,0.2094
0.5938,0.195
0.7163,0.12445
0.1836,0.795
-0.4128,0.2688
0.1378,0.4253
-0.55,0.4788
0.4814,0.0882
0.0662,0.08997
-0.4805,0.2952
-0.4768,0.417
-0.3472,-0.0822
-0.1833,0.1525
-0.3423,0.392
-0.577,0.3225
-0.4785,0.3823
0.4646,0.0798
0.723,0.1615
-0.3147,0.2778
-0.0774,0.724
0.01435,0.658
-0.4434,0.2815
0.161,0.6895
-0.142,0.341
0.6616,0.3477
-0.527,0.5938
-0.3726,0.2869
-0.0814,0.715
-0.7104,-0.205
-0.505,0.5396
0.6,0.06696
-0.4832,0.508
-0.07874,0.1995
-0.2852,0.4124
-0.2937,0.2764
-0.8403,-0.0836
-0.2216,0.0639
-0.03696,0.1821
-0.2888,0.2915
-0.3662,-0.2004
-0.234,0.199
-0.2375,0.3486
0.7163,0.1699
0.509,0.07654
0.1738,0.4478
-0.1072,0.3037
-0.436,0.1421
0.639,0.114
-0.007637,0.1605
-0.4692,0.4456
-0.471,0.758
-0.3865,0.747
0.7188,0.11383
0.0587,0.28
-0.2495,0.2874
-0.3276,0.09106
0.2104,0.2815
-0.2084,-0.04297
-0.533,0.2817
-0.6216,0.219
-0.4026,0.2913
-0.4504,0.3152
-0.1459,0.8105
-0.4739,0.5483
0.64,0.1086
-0.3188,0.12354
-0.3667,0.3928
-0.3008,0.763
-0.4412,-0.02762
-0.1641,0.839
0.4724,0.03412
-0.437,0.4717
-0.4746,0.7725
-0.3296,0.3284
0.412,0.03778
0.0874,0.0943
-0.3772,0.1833
-0.84,-0.1
0.07196,0.5254
0.522,0.4314
-0.04984,0.11176
0.5796,0.1393
-0.3877,0.3052
-0.0943,0.2842
0.722,0.1534
-0.4893,0.5444
-0.539,0.3916
-0.6157,-0.2433
-0.348,0.478
0.053,0.631
-0.155,0.2969
-0.5225,0.02095
-0.1109,0.531
-0.34,0.399
-0.4397,0.4973
0.1864,0.799
-0.1532,0.353
-0.0944,0.7715
0.594,0.2147
-0.763,-0.2932
-0.4922,-0.06174
-0.2202,0.2401
-0.5073,0.4849
0.5127,0.05844
-0.2288,0.05655
0.04712,0.659
-0.4492,0.4739
0.02814,0.699
-0.506,0.615
-0.3499,0.2428
-0.0592,0.2942
0.00384,0.00099
-0.306,0.003778
0.69,0.1014
-0.1812,0.817
-0.4895,0.1155
-0.1332,0.562
-0.482,0.446
0.2847,0.3738
0.738,0.2472
0.6123,0.05225
0.0675,0.3198
-0.588,-0.2313
-0.09375,0.1279
-0.0897,0.0659
-0.2467,0.1375
0.5107,0.01511
0.7393,0.136
0.634,0.1337
0.0379,0.819
0.02757,0.3079
0.709,0.1168
-0.6816,-0.1292
-0.4585,0.08954
-0.4128,0.738
0.349,0.532
0.613,0.0744
-0.1796,0.4102
0.087,0.576
-0.154,0.823
-0.1256,0.1475
-0.1521,-0.0634
-0.7793,-0.2664
-0.1855,0.4854
-0.288,0.763
-0.0358,-0.05066
-0.3223,-0.0958
-0.1866,0.2915
-0.2673,0.1846
0.06793,0.7817
0.0638,0.09326
-0.4155,0.1735
-0.3333,0.3313
-0.3452,0.4604
-0.494,0.6104
-0.5356,-0.2413
-0.5684,0.5225
-0.3247,0.7295
-0.413,0.775
-0.2742,-0.1145
-0.02519,0.33
-0.4104,0.3442
-0.09155,0.7637
-0.0929,0.4053
-0.1595,0.2583
0.6895,0.1217
-0.373,0.3784
-0.4543,0.02061
-0.2559,-0.1213
-0.3865,0.1798
-0.4976,0.427
0.128,0.7344
0.4534,0.6646
-0.5137,0.6143
-0.315,0.2189
-0.2097,0.6333
-0.3247,0.4673
0.2778,-0.01215
-0.486,0.529
0.3752,0.752
-0.3044,0.1708
-0.325,0.5913
0.6675,0.04776
-0.1722,0.3306
-0.2097,0.2705
-0.0617,0.1544
0.01602,0.7207
-0.1573,0.1978
-0.833,-0.2263
-0.483,0.4873
-0.569,0.53
-0.312,0.0639
0.65,0.11194
-0.01607,0.5312
0.0217,0.792
-0.144,0.0394
-0.1464,0.147
-0.5195,-0.0882
-0.4714,0.516
-0.1605,0.804
-0.03827,0.1209
-0.08826,0.05978
-0.84,-0.136
-0.1786,0.745
-0.002977,0.4692
-0.343,0.609
0.698,0.1348
0.1475,0.7983
-0.1483,0.04984
0.695,0.1366
-0.375,0.0441
-0.7803,-0.2786
0.0878,0.65
-0.5806,-0.2173
0.0412,0.67
0.03354,0.3013
-0.4229,0.4731
0.1332,0.2185
-0.4429,-0.0917
0.04953,0.2368
0.66,0.06097
-0.394,0.2334
-0.05527,0.2673
-0.4233,0.477
-0.168,0.781
-0.4429,0.46
-0.3213,0.4824
0.0511,0.605
-0.0844,0.4583
-0.4702,0.1929
-0.2986,0.2632
-0.4404,0.4963
0.005558,0.1373
-0.532,-0.2216
0.09906,0.61
-0.05927,0.616
0.0727,0.323
-0.4338,0.4297
0.0332,0.582
-0.221,0.6147
-0.506,0.548
-0.4783,0.5537
0.135,0.2422
-0.2698,0.1255
0.667,0.0807
-0.3574,-0.1364
-0.7354,-0.05978
0.709,0.1589
-0.2261,0.3086
-0.4167,0.678
-0.068,-0.02272
-0.3813,0.1295
0.731,0.0812
0.0456,0.575
-0.05087,0.2465
0.10455,0.0009108
-0.563,0.6235
-0.0326,0.1696
0.4072,0.03055
-0.0721,0.5405
0.2441,0.1791
-0.513,0.5166
-0.6543,-0.1328
0.6704,0.0883
0.727,0.1372
-0.277,0.456
-0.07764,0.74
-0.4785,0.7334
0.719,0.11383
0.07263,0.7676
-0.5586,0.03198
-0.4397,0.1687
-0.301,0.3093
-0.4563,0.3386
-0.508,-0.2338
-0.06976,0.2578
0.10034,0.2102
0.6196,0.0718
-0.506,-0.09784
-0.4182,0.0877
0.1329,0.319
0.01325,0.5435
0.3508,0.66
-0.6724,-0.11017
0.7373,0.153
-0.1787,0.706
-0.4368,-0.1434
-0.4338,0.2416
0.6323,0.099
0.0218,0.09204
-0.5044,0.696
0.601,0.078
-0.3132,0.1209
-0.1292,0.2908
-0.352,0.1257
0.6855,0.1465
-0.4954,0.7183
0.1627,0.1917
0.2703,0.12103
-0.5786,0.02748
-0.4966,0.5073
0.1584,0.6733
-0.4915,0.4883
-0.4976,0.1567
-0.511,-0.11115
0.1459,0.1436
-0.007256,0.109
-0.07623,0.661
0.2467,0.7065
-0.3555,0.2805
-0.4612,0.5713
-0.2778,0.2024
0.3667,0.1213
-0.4065,0.7944
0.6743,0.0536
-0.612,0.573
0.514,0.0556
0.003513,0.1671
0.681,0.0955
-0.02321,0.08923
-0.4602,0.1602
0.4917,0.06174
-0.537,0.5615
-0.05063,0.4294
-0.0523,0.2664
0.1473,0.661
0.06058,0.05457
0.709,0.11017
-0.4736,0.686
-0.4363,0.3787
0.03497,0.5845
0.5947,0.05563
-0.2064,0.08923
-0.3997,0.4639
-0.3682,-0.0775
0.585,0.04907
0.6816,0.11523
-0.1227,0.2935
0.324,0.10187
-0.3552,0.3665
-0.1301,0.324
-0.356,-0.01301
-0.4795,0.511
0.3977,0.3555
-0.1444,0.4836
-0.352,0.02344
0.3596,0.6567
0.3914,0.1665
0.698,0.1638
-0.3032,0.2063
0.2281,0.7974
-0.324,0.0421
-0.269,-0.02704
0.5454,0.567
0.5176,0.1134
-0.3992,0.374
-0.3767,-0.05682
-0.1392,0.2603
-0.3215,0.1201
-0.1531,0.823
-0.43,0.5005
0.3198,0.1338
-0.6475,-0.0291
-0.09033,0.0761
0.3975,0.2856
-0.1465,0.7837
-0.4185,0.5376
-0.2336,0.559
-0.488,0.567
0.07745,0.6997
-0.3801,0.376
-0.3347,0.2052
-0.1874,-0.0203
-0.385,0.4949
-0.1987,-0.0756
-0.387,0.787
0.1267,0.05765
-0.4075,0.1613
-0.6157,0.292
-0.6636,-0.0669
-0.4065,0.2832
-0.189,0.3247
-0.1211,0.0337
-0.3245,0.312
-0.4663,0.499
-0.5913,0.3887
0.5264,0.1853
-0.3667,0.1864
-0.4695,0.3506
-0.0357,0.363
-0.2264,-0.0572
0.0913,0.619
0.3596,0.05432
-0.3982,0.8003
-0.36,0.6714
0.02972,0.582
-0.2407,0.3228
0.2081,0.608
-0.007904,0.5874
-0.337,0.03723
-0.02153,0.8047
0.5625,0.146
0.6396,0.4106
-0.2864,-0.01402
0.7275,0.1394
0.1421,0.2883
0.6655,0.1222
-0.3389,0.42
-0.0699,0.826
-0.1685,0.6187
-0.444,0.00214
0.721,0.246
0.1395,0.3333
-0.3206,0.3936
-0.344,0.404
-0.536,-0.185
-0.4807,0.4949
0.02293,0.11914
-0.10706,0.001669
-0.2764,0.3013
-0.48,0.611
0.668,0.1293
0.7153,0.1587
0.053,0.534
-0.4639,0.757
-0.643,-0.09393
-0.2717,0.7
-0.5273,-0.1637
-0.10956,0.0902
-0.4229,0.556
0.628,0.0769
-0.11694,0.1855
0.4146,0.4136
0.3215,0.5684
-0.4524,-0.1747
0.2422,0.1886
-0.396,0.7256
-0.441,0.2108
-0.4836,0.469
-0.462,0.6304
-0.3826,0.706
0.6885,0.1471
0.02167,0.737
-0.154,0.1112
-0.1245,0.0492
-0.5103,0.477
0.7056,0.1214
-0.0622,0.4182
0.01018,0.739
-0.582,-0.1504
0.6113,0.09436
-0.364,0.3096
-0.2637,0.14
-0.448,0.2129
-0.02347,0.02924
-0.07294,0.1307
-0.5366,-0.1487
-0.3408,0.04147
-0.45,0.00849
-0.6562,-0.2482
-0.2443,0.3772
0.4832,0.1921
0.1616,0.7744
-0.11285,0.8247
-0.3875,0.7744
0.5034,0.4133
-0.08655,0.00877
-0.2712,0.2053
-0.3071,0.7056
-0.4658,0.7485
-0.03873,0.75
-0.255,0.1785
-0.01446,0.03696
-0.2266,0.1582
-0.3384,-0.04965
-0.2576,0.0781
-0.2761,0.6675
-0.4607,0.5615
-0.383,0.01584
-0.341,0.2427
-0.1685,0.1759
-0.695,-0.2651
-0.3513,0.4438
-0.1294,0.6035
-0.546,0.504
-0.5283,-0.2081
-0.6406,-0.263
-0.4368,-0.1881
0.3926,0.111
-0.1903,0.6416
-0.5703,-0.11224
-0.1959,0.7295
0.0655,0.7554
-0.3518,0.2725
-0.0527,0.03119
0.3,-0.001128
0.088,0.79
0.02702,0.582
0.03088,0.0726
-0.6475,0.298
0.6733,0.1025
-0.6064,0.03656
-0.3652,0.271
-0.775,-0.2104
0.0802,0.7817
-0.07684,0.1271
-0.2463,0.2607
-0.2129,0.4692
-0.264,0.04224
0.0309,0.783
-0.04105,0.1825
0.345,0.1908
-0.2308,0.1431
-0.3896,0.2805
-0.0145,0.05667
-0.4739,-0.1367
0.04706,0.718
-0.389,-0.015495
-0.4749,0.4783
-0.1611,0.5386
-0.5425,0.5874
0.668,0.0671
-0.3735,-0.01764
-0.007492,0.2715
-0.284,0.1191
-0.2174,-0.03976
-0.4524,-0.1821
0.0541,0.7734
-0.3623,0.12476
-0.6763,-0.268
-0.3408,0.2015
-0.4136,-0.106
0.6,0.1375
-0.4697,0.3584
0.1148,0.6123
-0.262,0.3599
-0.1786,0.1182
-0.03616,0.06146
-0.445,0.4717
-0.573,-0.1758
0.695,0.1487
0.521,0.004124
-0.3892,0.3484
-0.4827,-0.2018
0.0003471,0.2483
-0.0808,0.1472
-0.237,0.0169
-0.1371,0.4512
0.1332,0.736
-0.4304,-0.1168
-0.4402,0.3735
-0.2179,0.749
-0.457,0.5444
-0.525,-0.2178
-0.501,0.02803
0.1583,0.7065
-0.3972,0.3606
-0.04773,0.10406
0.7075,0.18
-0.1931,-0.02428
0.7197,0.10364
-0.3716,0.1354
-0.819,-0.2124
-0.3765,0.225
-0.1709,0.24
-0.1554,0.1832
-0.511,0.552
-0.0375,0.7075
-0.3845,0.2375
-0.2323,0.01755
-0.3962,0.828
-0.0832,0.262
-0.5337,0.01863
0.004467,0.682
-0.62,-0.2416
-0.04523,0.0564
-0.36,0.7656
-0.4219,-0.04214
-0.449,0.4768
-0.4133,0.579
-0.33,0.2157
-0.524,-0.2288
-0.3374,0.5283
-0.437,0.7617
-0.431,0.4453
0.637,0.1125
0.4836,0.1552
0.6514,0.107
-0.3054,0.1456
0.1262,0.453
-0.122,0.05667
-0.2861,-0.0939
-0.1703,-0.014206
-0.5405,0.5684
-0.6885,-0.132
-0.168,0.1627
-0.1256,0.7925
0.03534,0.0979
-0.1459,0.003649
-0.4243,0.0971
-0.2087,0.415
0.1819,0.3613
-0.4028,-0.098
-0.463,0.603
0.2001,0.1443
-0.0697,0.2395
-0.2693,0.376
-0.3635,0.3245
0.2025,0.5938
-0.1748,0.4233
-0.493,-0.0757
-0.537,0.609
-0.7515,-0.2488
-0.784,-0.2722
-0.4832,0.3923
-0.642,-0.2356
-0.1454,0.02318
0.02718,0.521
-0.3936,0.7915
-0.283,0.11743
-0.3506,0.494
-0.648,-0.259
0.734,0.1147
-0.1726,0.2126
-0.5083,0.5327
0.08673,-0.01686
-0.1578,0.193
-0.4802,0.515
-0.2487,0.298
-0.3596,-0.00518
-0.4133,0.1366
0.2284,0.7603
-0.4104,0.2202
-0.506,0.234
0.6777,0.1274
-0.4167,0.268
0.01427,0.05408
-0.3174,0.1827
-0.346,0.1848
-0.2876,0.01083
-0.485,0.7524
0.07043,0.7725
-0.1561,0.2666
-0.8335,-0.2181
0.4368,0.3586
0.603,0.3992
-0.1761,0.766
-0.3901,0.4006
-0.2712,0.2583
-0.4622,0.612
-0.388,-0.03308
-0.1229,0.1559
-0.8447,-0.2184
-0.1633,0.06186
0.1156,0.3018
-0.311,0.2472
-0.1359,-0.0472
-0.4841,0.741
-0.7007,-0.2656
-0.2444,0.2021
-0.295,0.02307
0.547,0.06158
-0.0662,0.686
0.0138,0.1656
-0.4548,0.2369
-0.4636,0.5654
0.563,0.03062
-0.686,-0.1532
0.596,0.04785
0.3188,0.04187
0.6377,0.0442
-0.511,0.5234
-0.3296,0.4543
-0.2231,0.7065
0.2705,0.7627
0.6284,0.1589
-0.0276,0.0338
-0.4993,0.6934
-0.003042,0.013695
-0.459,0.5513
-0.11926,0.1031
-0.09247,0.751
-0.2507,0.1407
-0.5073,0.5195
-0.4019,0.0782
0.622,0.0912
0.1517,0.05127
0.5005,0.5396
0.2001,0.04056
-0.4302,0.1154
-0.3953,0.00945
-0.4988,0.5283
-0.03317,0.4092
0.2129,0.748
0.010826,0.1671
-0.5234,0.5923
-0.496,-0.2134
0.11865,0.1114
0.549,0.05188
-0.3713,0.5205
-0.5283,0.637
-0.3562,0.2017
-0.4014,0.376
-0.02228,0.2327
-0.2416,-0.0684
-0.321,0.2133
-0.06964,0.4795
0.06836,0.784
0.571,0.058
0.1284,0.2092
-0.5063,0.5605
-0.0487,0.7427
-0.286,0.198
0.05533,0.1713
-0.4734,-0.01091
-0.614,-0.2428
-0.00488,0.1251
0.608,0.02988
0.03864,0.4897
-0.1231,0.04425
-0.1103,0.687
0.6606,0.358
-0.433,-0.03912
-0.1462,-0.02528
0.3384,0.1964
0.3672,0.1852
-0.346,0.1572
-0.1511,0.05875
-0.332,0.333
-0.5273,0.4255
-0.2507,0.6924
-0.495,0.677
0.6943,0.1534
-0.456,0.252
-0.2646,0.1995
0.0751,0.7266
-0.0847,0.6177
0.721,0.1229
0.1603,0.04623
-0.1625,0.292
0.1237,0.6
0.681,0.12225
0.6323,0.053
-0.5073,0.629
0.006668,0.561
-0.3564,0.38
-0.553,0.3145
-0.5044,0.1359
-0.477,-0.2117
-0.774,-0.2153
-0.4355,0.454
-0.7686,-0.1575
-0.3652,0.433
-0.2742,0.1449
-0.2156,0.1787
-0.1682,0.5503
-0.182,0.3008
-0.1781,-0.0616
0.714,0.1617
-0.405,0.4539
-0.395,0.4988
0.1338,0.07324
-0.319,0.4653
-0.6904,0.265
-0.495,0.4604
-0.4573,0.4358
-0.4595,0.5146
-0.5728,0.398
-0.3696,0.6606
-0.03458,0.04132
0.6367,0.1836
0.7173,0.2095
-0.4875,0.5146
-0.1866,0.3943
-0.2261,0.3086
-0.4048,-0.156
-0.1855,-0.03842
0.5312,0.12146
0.6685,0.2189
-0.521,0.412
-0.463,0.4897
-0.4998,-0.01607
0.3242,0.4731
0.0486,0.0682
-0.493,0.4055
-0.02287,0.1614
-0.2218,0.1731
0.006577,0.3647
0.717,0.1323
0.505,0.243
0.0346,0.5537
0.02147,0.808
-0.776,-0.2869
-0.02873,0.02025
-0.105,0.277
0.7144,0.136
-0.721,-0.2888
-0.467,0.3245
0.01008,0.687
0.4185,0.4893
-0.2429,0.568
0.392,0.1177
0.6772,0.12445
-0.4465,0.04214
0.04233,0.547
-0.776,-0.1445
0.238,0.8135
0.0806,0.3518
-0.3555,-0.00548
-0.332,-0.1356
-0.07666,0.754
0.0835,0.02283
0.6094,0.4155
0.6895,0.084
-0.369,-0.131
-0.436,0.4612
0.579,0.03558
-0.4194,0.1675
-0.1981,0.7607
-0.623,0.541
-0.3867,0.6133
0.1356,0.5874
0.5806,0.0328
-0.462,0.4055
-0.4827,0.1915
-0.1149,0.2998
-0.1519,0.003784
-0.428,0.3845
-0.1964,0.7866
-0.02617,0.6226
-0.00591,0.6606
0.0462,0.793
-0.08685,0.2352
0.2703,0.04404
0.0833,0.04404
-0.331,0.366
0.11273,0.7466
-0.526,0.585
0.3525,0.7183
-0.3794,-0.165
0.01248,0.7476
-0.0857,0.111
-0.7446,-0.2192
-0.497,0.69
0.02641,0.505
0.0886,0.736
-0.1833,0.02676
0.56,0.0726
-0.3667,0.3604
-0.4214,0.7793
-0.04993,0.02998
-0.167,0.841
-0.06744,0.6494
-0.1065,-0.001401
0.693,0.1589
-0.447,0.5254
-0.3552,-0.1236
-0.4487,-0.03317
0.2384,0.1781
0.00458,0.394
-0.3442,0.4558
-0.484,0.5107
-0.405,0.3997
0.11884,0.269
-0.408,0.4358
0.01999,0.02348
-0.2133,0.243
-0.12286,0.1255
-0.5376,0.641
0.00846,0.7256
0.5806,0.0364
-0.542,-0.05988
-0.46,0.4307
0.3167,0.271
-0.3083,0.01802
0.442,0.2585
-0.3843,0.342
-0.0952,0.0722
-0.4036,0.0866
0.658,0.1753
0.1556,0.428
-0.1495,0.3057
-0.2242,0.2189
-0.09955,0.0906
0.3132,0.1448
-0.09625,0.0049
-0.1608,0.2205
-0.3604,0.727
0.1484,0.797
-0.691,-0.2489
-0.5127,0.642
0.7446,0.12085
-0.2986,0.2764
-0.519,0.586
0.585,0.1026
0.584,0.1824
0.5596,0.5483
-0.11414,0.3281
-0.3174,0.576
-0.04865,0.1473
-0.487,0.4985
0.4768,0.1154
-0.1555,0.1985
0.2362,0.7573
-0.392,0.1043
-0.478,-0.2482
-0.576,0.5093
0.06866,0.7256
-0.0658,0.1026
-0.3157,-0.11615
-0.475,0.526
-0.846,-0.1051
-0.3704,0.4421
0.719,0.10236
0.1527,0.5723
-0.1292,0.1465
0.655,0.1011
-0.248,0.1326
-0.5117,-0.1037
-0.2866,0.3398
-0.521,0.7144
-0.2325,0.0995
-0.09894,0.7773
0.1486,0.689
-0.5947,-0.2227
-0.232,0.3723
0.4436,0.077
0.1974,0.534
0.115,0.6494
-0.3896,0.0965
-0.4707,0.5083
0.1378,0.7217
0.6914,0.12476
0.2101,0.662
-0.1261,0.149
-0.557,0.6123
0.6455,0.068
0.644,0.0788
-0.3105,-0.07764
-0.08527,0.02002
-0.0365,0.259
-0.5845,0.617
-0.3096,0.347
0.5073,0.1843
-0.506,0.49
0.012726,0.6924
-0.04773,0.7686
-0.2207,0.3613
0.05313,0.8135
-0.1142,0.12427
-0.462,0.4912
-0.3918,0.03888
0.671,0.05563
-0.6294,-0.2893
-0.3142,0.03802
0.0924,0.6147
0.71,0.1561
0.1621,0.05603
-0.515,0.6973
-0.1658,-0.0774
-0.392,0.3389
0.699,0.11975
0.161,0.2717
-0.4175,0.4585
0.696,0.0901
0.010254,0.2732
-0.536,-0.1392
-0.4834,-0.0856
-0.8223,-0.2063
-0.2084,0.05212
-0.6074,0.3755
-0.6895,-0.01987
-0.1316,0.7354
0.001492,0.3176
-0.424,0.7925
0.02243,0.7773
-0.03394,0.1729
-0.3008,-0.0772
0.7017,0.1537
0.737,0.1274
-0.11523,0.1573
0.534,0.0886
0.2837,0.7285
-0.2161,-0.0836
-0.8623,-0.1985
-0.1637,0.4607
-0.4297,0.4312
-0.1887,0.2479
-0.02483,0.1653
-0.1029,0.09906
0.713,0.1534
0.3447,0.4492
-0.3901,0.5054
-0.5166,-0.165
0.004265,0.11646
-0.4956,0.5073
-0.534,0.00467
0.1368,0.5796
-0.1482,-0.0404
0.5605,0.0486
-0.2595,0.4568
-0.5557,0.645
0.2485,0.767
-0.295,-0.0688
-0.4634,-0.0916
0.06274,0.795
0.7188,0.11566
0.1794,0.256
-0.42,0.1328
0.701,0.1109
0.1726,0.04785
0.1445,0.7637
0.1252,0.829
-0.1603,0.129
-0.1389,-0.0002985
0.02095,0.658
-0.6616,-0.2239
-0.0777,0.09467
0.2241,0.1683
0.02884,0.555
0.345,0.0937
-0.02795,0.7925
-0.267,0.3474
0.5835,0.0628
-0.02565,0.596
-0.1754,0.04614
0.662,0.1635
-0.7383,-0.212
-0.2932,0.811
-0.589,-0.04797
0.5015,0.01942
0.0877,0.685
-0.4167,-0.079
-0.555,-0.0768
-0.376,0.1779
0.3257,0.139
-0.524,0.657
0.07935,0.18
0.0486,0.1865
0.446,0.03714
0.3704,0.03912
-0.2898,0.2003
0.076,-0.04956
0.72,0.1317
-0.604,0.5327
-0.4692,0.5317
-0.3293,0.2122
0.3245,0.1593
-0.2343,0.1915
0.279,0.06604
-0.3057,0.01231
0.4604,0.519
-0.639,0.4731
0.545,-0.002153
0.1571,0.01276
-0.4563,0.609
-0.758,-0.2627
0.1078,0.0637
-0.2563,0.2129
-0.2192,0.748
-0.5947,0.342
-0.497,-0.08124
-0.5273,0.32
-0.0655,0.7036
0.3843,0.1188
0.4111,0.04236
0.0323,0.805
-0.4075,0.8076
-0.1655,0.1781
0.11786,0.1661
-0.3518,0.3936
0.4102,0.0652
0.701,0.2432
0.0046,0.437
-0.738,-0.2651
-0.663,0.4343
-0.5405,0.3145
-0.1472,0.0727
-0.1941,-0.02306
-0.577,-0.1107
0.649,0.4019
0.5376,0.06186
0.04333,0.618
-0.2058,0.277
-0.04004,0.7495
0.3972,0.2094
-0.1906,0.602
-0.6294,-0.1147
-0.4458,0.558
-0.142,0.1311
-0.268,-0.1293
-0.2284,0.8477
0.509,0.012276
-0.2263,0.0748
-0.1805,0.841
-0.4363,0.2034
0.104,0.207
-0.05075,0.4631
-0.5054,-0.1508
0.0004325,0.5444
-0.726,-0.0497
0.1158,0.00204
0.6514,0.2069
0.02283,0.675
0.6865,0.07214
0.345,0.1566
0.3604,0.0462
-0.4924,0.04337
0.0838,0.7476
0.655,0.08154
-0.4314,0.2472
-0.8022,-0.202
-0.11115,0.3044
-0.1385,0.2047
0.1627,0.2324
0.1583,0.172
-0.107,0.0875
-0.5474,0.3486
-0.6416,0.539
-0.4226,0.4172
-0.2443,0.2551
-0.4895,-0.03265
-0.2314,0.013214
0.0758,0.7725
0.3184,0.0606
0.4429,0.01807
-0.0591,0.09564
-0.1355,0.77
-0.1371,-0.01339
-0.1888,0.06018
0.063,0.6787
-0.4531,0.2546
-0.2186,0.1437
0.6245,0.118
-0.509,0.6343
0.1525,0.817
-0.464,0.731
-0.426,0.4082
0.02359,0.1963
-0.4531,0.346
-0.6616,-0.2432
-0.1604,0.8286
-0.6978,-0.2913
0.1859,0.798
-0.4426,0.6597
0.06647,-0.00416
-0.0933,0.671
0.1711,0.803
0.3591,-0.02019
-0.693,0.01764
-0.3696,0.2034
-0.2169,0.22
0.1792,0.2756
-0.06247,0.0818
-0.515,-0.05258
-0.489,-0.1636
-0.4805,0.507
0.2737,0.673
0.671,0.1047
0.5366,0.1194
0.6597,0.11487
0.2708,0.6045
-0.1006,0.07806
-0.1602,0.0798
-0.2585,0.2651
-0.4595,0.4666
-0.3591,-0.08813
0.673,0.0672
-0.12286,0.157
-0.4666,0.0899
0.10345,0.02258
-0.367,0.3545
-0.05826,0.6733
-0.3354,0.1015
-0.1334,0.005627
-0.5,0.4097
0.04688,0.702
-0.1575,0.805
-0.2678,0.4526
-0.003046,0.656
-0.2642,0.02524
-0.5376,0.671
-0.4692,0.6406
-0.39,0.3677
0.5347,0.05954
-0.4778,0.01703
0.25,0.7607
-0.1186,-0.01628
0.3857,0.0812
-0.456,0.503
-0.2754,0.00841
-0.383,0.319
-0.3193,-0.00689
-0.0204,0.4993
0.4648,0.1882
-0.4092,0.1306
-0.322,0.3652
-0.2019,0.1306
-0.786,-0.2517
0.551,0.05066
-0.07446,0.178
-0.1547,0.2426
-0.1296,0.3975
-0.546,0.4883
-0.268,0.2428
0.04666,0.5234
-0.1484,-0.001226
0.10944,0.05655
-0.3198,0.3784
-0.2693,-0.0876
-0.2712,0.05942
0.11615,0.3208
-0.449,0.4138
-0.3699,-0.1656
-0.1791,0.2878
-0.1556,-0.02109
-0.5093,0.209
-0.0847,0.03665
-0.074,0.2466
-0.3152,0.1335
-0.3303,0.3225
-0.821,-0.202
0.0871,0.068
-0.06226,0.281
0.368,0.09393
0.4258,0.1652
0.2291,0.5312
-0.391,0.8066
-0.4744,0.4185
-0.6484,0.2961
0.52,0.152
-0.393,0.661
-0.05554,0.3286
-0.3733,0.438
-0.2122,0.0213
-0.718,-0.1986
-0.1929,0.3447
-0.4436,0.4683
0.5244,0.10443
-0.04013,0.14
0.02582,0.5186
-0.321,0.721
-0.4197,0.3223
-0.2006,0.00928
-0.5396,0.449
-0.2688,-0.10144
-0.4255,0.543
-0.597,0.244
-0.1602,0.1065
-0.6655,-0.0936
-0.1414,0.1583
0.6177,0.066
-0.113,0.3752
-0.3901,0.4258
-0.364,0.689
0.701,0.149
-0.3325,0.2134
0.00753,0.4045
-0.6143,0.0855
-0.03622,0.3872
0.323,0.559
-0.02002,0.02368
0.619,0.2644
-0.1299,-0.01507
0.66,0.1117
0.1902,0.678
0.4377,0.4863
-0.1676,0.1652
-0.08185,0.1646
-0.1643,0.4421
-0.807,-0.2678
0.6323,0.11707
-0.1869,0.774
-0.2435,0.3162
0.01869,0.4587
-0.0164,-0.002731
-0.564,0.6104
-0.3176,0.2798
0.702,0.11273
-0.5137,-0.2272
-0.0246,0.661
-0.01463,0.03918
-0.2727,0.2878
-0.02019,0.779
-0.487,-0.1923
0.6997,0.1049
-0.3845,0.4077
0.1287,0.04785
0.05835,0.6934
0.1376,0.477
-0.1528,0.1766
0.0001674,0.784
0.6323,0.1405
-0.417,0.4358
-0.3972,0.304
0.0804,0.8257
-0.10406,0.0998
0.0775,0.773
-0.7866,-0.2988
-0.434,0.1343
-0.368,0.1144
0.718,0.1545
-0.126,0.8364
-0.1268,0.295
-0.3745,0.3677
-0.5312,0.5537
-0.3486,0.03488
-0.0833,-0.05707
-0.1029,0.2064
-0.4155,0.3625
-0.10266,0.7017
0.0952,0.758
-0.1987,0.251
-0.533,0.4397
-0.593,-0.2426
-0.316,0.1998
0.3396,0.3887
0.623,0.113
0.3157,0.0703
0.288,0.7217
0.1144,0.1129
-0.408,-0.202
0.4895,0.1382
-0.3843,0.685
0.006413,0.765
-0.5615,-0.09796
-0.1414,0.1533
-0.003344,0.4133
-0.5312,0.04514
0.1951,0.2062
-0.5034,0.3696
0.6426,0.04993
0.6807,0.1067
-0.4204,-0.07263
-0.4277,0.4644
-0.2228,-0.06168
0.0522,0.2766
0.4968,0.5283
0.0497,0.661
-0.2996,0.617
-0.544,0.189
-0.3423,0.2864
-0.1493,0.0901
-0.2106,0.333
-0.3896,0.5
-0.511,0.567
-0.2305,0.2352
0.02681,0.734
0.01451,0.6016
0.106,0.5303
-0.5596,0.3486
-0.2417,0.655
-0.1917,0.1481
-0.3145,0.42
-0.1477,0.4492
0.4612,0.02512
-0.4497,0.341
-0.2284,0.11334
0.1664,0.715
-0.633,-0.2345
-0.143,0.7183
0.214,0.1951
-0.655,-0.2372
-0.0661,0.1409
-0.4802,-0.1995
-0.757,-0.2756
0.3542,0.3953
-0.348,0.4932
-0.12067,0.0684
0.1569,0.72
-0.854,-0.1388
-0.4397,0.5137
-0.10333,0.6636
-0.0008974,0.738
-0.298,0.4558
0.529,0.2059
-0.3696,0.2898
0.0644,0.702
-0.517,-0.1666
-0.1354,0.7993
0.1171,0.00831
-0.2238,-0.1338
-0.4148,-0.1432
0.1022,-0.00816
-0.5815,-0.2507
0.0606,0.587
0.624,0.2263
0.01243,0.4548
0.7056,0.1059
-0.06604,0.7886
-0.7324,-0.2217
0.002794,0.6646
-0.1351,0.7607
0.3374,0.1621
-0.1294,0.351
-0.4402,0.4937
-0.408,0.4282
-0.2155,0.1605
-0.4075,0.05075
-0.0693,0.2352
-0.5005,-0.193
0.00655,0.1726
-0.11084,0.2445
-0.1498,0.1707
-0.685,-0.259
0.4883,0.1492
-0.457,0.5327
-0.4968,0.701
0.708,0.1071
-0.4792,0.716
-0.2913,0.2837
-0.3489,0.818
0.685,0.0695
-0.2534,-0.02193
-0.4424,0.3865
0.0473,0.4531
-0.1473,0.2998
-0.1854,0.5063
0.605,0.0662
0.2673,0.794
-0.4336,0.704
-0.38,0.2886
-0.1339,0.2235
0.04123,0.04428
-0.386,0.311
-0.226,0.2057
-0.395,0.2246
-0.5044,0.1246
-0.44,0.3093
-0.2551,0.1304
-0.0555,0.126
-0.4146,-0.1448
0.3953,0.632
0.7144,0.1349
-0.4526,0.03638
0.1779,0.1061
0.03955,0.3882
0.02962,0.2048
-0.2001,0.253
-0.1344,-0.0292
-0.2334,0.6665
-0.1082,0.7954
-0.1904,0.2241
-0.3767,-0.0295
-0.4446,0.3943
-0.2805,0.1901
-0.1843,-0.0449
-0.156,0.06137
-0.0358,0.62
0.5283,0.02567
-0.432,-0.1486
0.6597,0.1277
-0.4512,0.5825
-0.2101,0.794
-0.4783,0.553
-0.4487,0.4895
-0.5825,0.5967
-0.2101,0.2206
0.1622,0.09326
0.705,0.08484
-0.1093,0.259
-0.2218,0.407
-0.516,-0.01052
-0.1707,0.784
-0.19,0.2932
0.57,0.09656
-0.2114,0.1821
-0.01642,0.608
-0.636,0.4614
-0.2698,-0.0804
-0.1043,0.01842
0.685,0.1121
-0.631,-0.269
-0.0185,0.04846
-0.2157,-0.03268
-0.3655,0.2627
-0.443,0.4805
-0.03568,0.1315
-0.1155,0.1875
-0.01435,0.7495
-0.5654,0.6475
-0.786,-0.259
-0.3196,0.1384
0.2318,0.1278
-0.556,0.609
0.385,0.11755
0.647,0.1063
-0.1295,0.3074
0.1459,0.677
0.05096,0.1746
-0.2386,0.7876
-0.2297,0.3425
-0.354,0.641
-0.553,0.5293
-0.3555,0.4312
-0.3098,0.3162
0.1711,0.1465
-0.5303,-0.189
-0.401,0.0557
0.07465,0.6606
-0.529,0.5967
-0.11816,0.1296
-0.0392,0.169
-0.4492,0.5327
-0.1058,-0.0422
-0.1027,0.2644
-0.4404,0.4802
-0.295,0.2167
0.3853,0.2096
-0.1583,0.1622
-0.1126,0.535
-0.141,-0.08105
-0.526,0.515
0.6426,0.2917
-0.4775,0.2365
0.1531,0.702
-0.083,0.7954
-0.2722,-0.000996
-0.2094,0.2612
-0.0321,0.4033
-0.3936,-0.1132
0.383,0.2676
-0.2439,0.608
-0.0375,0.725
-0.3528,-0.1791
0.684,0.11664
-0.1688,0.07587
0.3142,-0.001373
0.0758,0.7793
-0.5425,0.662
0.658,0.1588
-0.2656,-0.0299
0.09546,0.506
0.5576,0.02032
-0.1188,0.3992
0.134,0.6123
-0.0202,0.785
-0.3457,-0.096
-0.3672,0.4072
-0.3,0.04422
-0.714,-0.236
-0.3096,0.09973
0.2693,0.712
-0.407,0.1327
-0.3604,-0.03867
-0.414,0.4119
-0.1934,0.0591
-0.09357,0.3425
-0.676,-0.2632
-0.2708,0.2102
-0.1323,0.676
0.1129,0.010666
0.4246,0.06885
-0.5156,0.6074
-0.7476,-0.2678
-0.4429,0.4912
0.7,0.1337
-0.2117,0.2983
-0.0845,0.6016
0.4634,0.04276
0.1667,0.729
0.4946,0.02643
0.0688,0.205
0.6445,0.0946
0.6787,0.3552
-0.00543,0.7803
-0.351,0.3628
0.2103,0.1149
0.1937,0.6685
0.6763,0.1142
-0.5034,-0.1821
-0.5957,-0.1561
-0.2394,0.1436
-0.5093,0.628
-0.568,0.1981
-0.258,0.3015
-0.04333,0.8125
0.1442,0.731
-0.11414,0.2457
-0.752,-0.1653
-0.04935,0.7646
-0.356,0.1798
-0.12305,0.7217
0.08954,0.6445
-0.511,0.71
-0.1749,0.1815
-0.825,-0.2632
-0.422,-0.000744
0.4177,0.0675
-0.12054,0.03754
-0.0771,0.2734
-0.0945,0.7744
-0.0647,0.0302
-0.8086,0.0899
0.3577,0.606
-0.4583,-0.125
-0.4011,0.2096
0.09955,0.6904
-0.1781,0.02177
-0.2007,-0.07007
-0.05847,0.4092
-0.00015,0.6
-0.6606,-0.1964
-0.192,0.8325
-0.3884,0.00803
-0.2573,0.01588
-0.1881,0.1316
-0.3416,0.1244
-0.2042,0.1415
0.6855,0.11456
0.1613,0.251
-0.4153,0.356
-0.433,0.4695
-0.8125,-0.2522
0.641,0.05582
-0.3706,0.2947
0.1062,0.7217
0.001278,0.1137
0.5117,0.11426
-0.2006,0.02242
-0.4692,0.7383
-0.6187,0.565
-0.1633,0.5884
-0.524,0.5986
0.544,0.4954
0.0325,0.055
0.6987,0.095
0.004314,0.1827
-0.4976,0.6255
-0.3818,0.326
-0.1735,0.2039
-0.4622,0.6416
-0.851,-0.1978
-0.49,0.2059
-0.3975,0.395
-0.5605,-0.264
-0.02515,0.3967
-0.002129,0.5513
-0.4973,0.5137
-0.4443,0.43
0.0751,0.1603
0.2786,0.10693
-0.1619,0.05853
-0.07324,0.4758
-0.05826,0.4646
0.03802,0.2512
-0.5513,0.593
-0.419,0.313
-0.2102,-0.1206
-0.2512,0.3418
0.067,0.2717
0.00924,0.0895
0.609,0.06183
-0.267,0.4246
-0.1302,0.196
-0.343,0.4116
-9.054e-05,0.718
-0.496,0.667
0.116,0.6772
-0.4805,0.546
-0.518,0.1208
0.1067,-0.042
0.2842,0.1298
0.567,0.02573
0.0846,0.6357
0.646,0.1055
-0.7925,-0.2479
-0.09283,-0.02003
0.595,0.06714
-0.03268,0.5293
0.443,0.02922
-0.706,-0.2646
0.1229,0.7847
-0.1791,0.474
-0.3271,0.1438
-0.00728,0.783
0.05832,0.568
0.6143,0.05008
-0.0862,0.3027
-0.03296,-0.02429
-0.205,0.1134
0.03223,0.3435
-0.437,0.4446
-0.36,-0.0975
0.02992,0.634
-0.701,-0.2325
0.2347,0.1598
-0.4917,0.1497
-0.4702,0.5767
0.0704,0.5933
-0.02806,-0.01115
-0.1399,0.3125
-0.4243,-0.0523
-0.4304,-0.135
0.1373,0.1531
0.2274,0.1835
-0.09796,0.2277
0.6216,0.12024
0.6216,0.167
-0.4001,0.276
-0.5527,0.383
-0.525,-0.05182
-0.383,0.1164
0.677,0.1641
0.1459,0.1663
-0.5034,0.521
-0.0753,0.1776
-0.2042,0.5723
0.1592,0.1852
-0.3608,0.633
0.2277,0.2896
0.0787,0.06024
-0.04614,-0.02858
0.1758,0.63
-0.4897,0.3535
0.524,0.07996
-0.4404,0.010086
-0.5137,0.1512
-0.2325,0.1853
-0.506,0.3977
-0.7866,-0.25
-0.3855,0.4358
-0.541,0.5005
0.07947,0.773
-0.1697,-0.01251
-0.4749,0.3672
-0.4832,0.5063
-0.4915,0.464
-0.486,0.2408
-0.6416,-0.0769
-0.02242,0.826
-0.6035,-0.1326
-0.0527,0.5415
-0.2264,0.2086
0.1935,0.01889
-0.5156,0.3582
-0.4841,0.4402
-0.3347,0.2451
-0.08264,0.2034
-0.1746,0.01079
-0.5596,0.431
0.01987,-0.02737
0.5234,0.08356
-0.1437,0.4465
0.01245,0.7495
-0.1779,0.1749
-0.5703,0.546
-0.3875,0.583
-0.3438,0.2445
0.1009,0.6655
0.611,0.367
0.18,0.726
-0.1555,0.2299
-0.4775,0.6255
0.1647,0.687
-0.367,0.3962
-0.2262,0.1963
-0.507,0.0973
0.572,0.0354
-0.2156,0.2415
-0.2458,-0.08527
-0.7754,-0.285
-0.09125,0.7837
-0.4812,0.5103
0.606,0.5474
-0.62,0.168
-0.5234,0.5767
-0.3057,0.5938
-0.1418,0.09326
-0.03528,0.272
-0.2576,0.02786
-0.1364,0.372
0.6763,0.1294
-0.4827,0.2329
-0.05682,0.2761
-0.266,-0.09924
-0.342,0.4695
-0.3467,-0.0488
0.3892,0.1455
0.1301,0.612
-0.548,0.352
-0.0517,0.1335
-0.422,0.334
-0.4343,-0.1562
0.0745,0.4688
0.635,0.2319
-0.6226,-0.1126
-0.2448,0.3926
-0.3574,0.1786
0.1957,0.09674
0.663,0.47
0.015526,0.12085
-0.1842,0.839
-0.3748,0.2009
-0.2666,0.03506
-0.4768,0.1492
-0.4392,0.1521
-0.10004,0.01203
0.6055,0.03108
0.16,0.7983
-0.09827,-0.03793
0.03174,-0.005455
-0.1632,0.0944
0.7134,0.11536
-0.0846,0.7744
0.1852,0.4814
-0.4944,0.002312
-0.493,-0.1821
-0.5347,0.547
0.7124,0.0641
-0.1054,0.0134
0.174,0.0223
-0.013176,0.1654
0.64,0.327
-0.3232,0.12115
-0.447,-0.006172
-0.3997,0.2878
-0.2532,0.5684
-0.4343,0.7373
0.0773,0.211
0.2112,0.6216
0.6724,0.3904
0.47,0.1292
-0.3777,-0.1602
0.7183,0.1617
0.714,0.1394
-0.12164,-0.0569
-0.03104,0.004883
0.131,0.654
-0.5713,-0.2205
-0.3953,0.341
-0.2905,-0.00842
-0.3303,-0.0314
0.72,0.1092
0.4543,0.636
-0.4124,0.3442
0.3804,0.15
-0.02396,0.7617
0.04095,0.8247
-0.1394,0.3418
0.07605,0.2812
-0.3003,0.3877
0.7114,0.10236
-0.4539,0.4607
0.595,0.1305
0.05588,0.10986
0.1266,0.5107
-0.05273,0.4277
0.1432,0.788
0.2808,0.7856
0.2876,0.712
-0.4404,0.1177
0.1737,0.58
-0.2046,0.3284
-0.1473,0.1699
-0.3596,0.2218
-0.53,0.669
0.2333,0.328
-0.4966,0.724
-0.7314,0.06476
0.669,0.2247
-0.384,0.4321
0.0498,0.622
-0.1727,0.6934
-0.3884,0.1372
-0.5703,-0.11224
-0.0992,0.5693
0.1893,0.604
-0.2854,0.007103
-0.5146,-0.02905
-0.286,0.0857
-0.2637,-0.00399
-0.1558,0.753
-0.0664,0.1862
-0.273,0.0783
0.6475,0.0718
-0.5435,-0.0555
0.597,0.0819
0.05035,0.728
0.061,0.7764
-0.2101,-0.06094
0.1239,0.369
0.702,0.1066
-0.4075,0.3657
-0.2485,0.0657
-0.0854,0.7095
-0.4954,0.1228
-0.8286,-0.1263
-0.3027,0.3638
-0.1846,0.02145
-0.02092,0.04865
-0.10846,0.726
0.0738,0.489
0.4192,0.1034
-0.26,0.1647
0.4312,0.6006
0.543,0.0489
0.6743,0.1002
-0.37,0.2147
-0.22,0.1085
-0.306,0.288
-0.2092,0.3447
0.3535,0.6904
-0.1787,-0.05914
-0.2974,0.3494
-0.307,0.3145
-0.3398,0.02919
-0.4216,-0.037
-0.569,0.6226
0.6895,0.06573
-0.0624,0.0696
-0.1307,0.00247
0.0959,0.011734
-0.07446,0.142
-0.1515,0.1205
-0.471,0.4663
-0.3118,0.3865
-0.501,0.5625
-0.821,-0.229
0.3538,0.1299
0.448,-0.00332
-0.1766,0.2238
0.1116,0.3625
0.013435,0.741
-0.4465,0.4985
-0.305,0.711
-0.4817,0.3394
-0.4182,0.5796
-0.02162,0.1348
0.001156,0.1471
0.1487,0.4336
-0.556,0.5747
0.287,0.2108
-0.2686,0.2252
-0.4575,0.1527
-0.1417,0.434
-0.4421,0.595
0.4958,0.10034
0.1454,0.6323
-0.1575,0.2438
-0.4172,0.7837
-0.1986,0.3738
-0.2969,0.3267
-0.1836,0.1047
-0.37,-0.195
0.0902,0.3337
-0.4705,0.4998
-0.3596,0.7437
-0.4768,0.4883
0.2039,0.1057
0.2097,0.12067
0.71,0.1523
-0.1067,0.2445
0.1161,0.143
-0.2229,0.8438
-0.3333,0.0624
-0.589,-0.2698
-0.453,0.3943
-0.0384,0.1786
0.659,0.07275
0.6963,0.1194
0.757,0.1412
-0.269,0.6196
0.2443,0.2258
-0.731,-0.1625
-0.4707,-0.2202
-0.0088,0.3796
-0.858,-0.1858
-0.5283,0.5273
0.04245,0.231
-0.05203,0.522
-0.0923,0.2688
-0.014915,0.1892
0.7134,0.1322
-0.154,0.006004
0.608,0.4048
-0.3806,0.7305
0.0386,0.5664
0.605,0.02597
0.685,0.09406
-0.2031,0.1497
-0.3774,0.2542
-0.2367,0.5957
-0.236,0.02069
-0.0578,0.3596
-0.4219,0.635
0.1083,0.6997
-0.4973,0.0712
-0.2224,0.11383
0.05957,0.6816
-0.0525,0.693
-0.04358,0.08997
-0.3477,0.4333
-0.0723,0.06824
-0.12427,-0.03644
-0.506,0.3345
-0.2017,0.010765
-0.4575,0.339
-0.408,0.374
-0.328,0.3389
0.5874,0.1895
-0.03067,0.0633
0.1475,0.7207
-0.0881,0.1626
-0.8496,-0.1052
0.2266,0.1761
-0.0644,0.4243
-0.4612,-0.07684
-0.01936,0.1125
-0.4714,0.5864
-0.5273,0.3376
0.651,0.1997
-0.386,0.778
0.528,0.0798
-0.04114,0.1932
-0.2177,0.2554
0.694,0.1364
-0.5156,0.7017
-0.505,-0.1403
-0.4253,0.788
-0.3765,0.3652
0.3086,0.1401
-0.02734,0.0822
-0.1924,0.08057
-0.347,0.744
-0.516,-0.1177
-0.2485,-0.03412
-0.00201,0.0816
-0.07623,0.0559
-0.05063,0.641
0.1866,0.3208
-0.01787,0.10535
-0.2778,0.2822
-0.185,0.06805
0.5444,0.1748
0.0836,0.8213
0.1567,0.808
-0.09863,0.6494
-0.4229,-0.00991
-0.4631,0.5713
-0.0537,0.5215
-0.255,0.5913
-0.203,0.78
0.0875,0.5723
-0.02678,0.589
-0.3757,0.6533
0.377,0.046
-0.4534,0.671
-0.1301,0.2267
0.2084,0.08234
0.57,0.0311
-0.536,0.547
-0.02812,0.05438
0.05554,0.324
0.5073,0.1606
-0.1888,-0.0746
-0.0571,0.4639
0.01038,0.739
-0.4019,-0.1107
-0.008995,0.628
-0.4656,0.5444
0.1332,0.5576
0.1964,0.687
-0.2688,0.1465
-0.5225,0.5474
-0.5195,0.5054
0.584,0.1409
-0.003534,0.454
-0.2053,0.372
-0.4583,0.3242
-0.02803,0.5884
-0.06573,0.0694
-0.7803,-0.2656
-0.1521,-0.02267
0.334,0.10785
-0.5757,-0.2722
-0.04742,0.545
-0.4949,0.624
-0.516,0.3767
0.268,0.2986
0.05914,0.637
0.01639,0.0403
0.07446,0.4968
-0.4478,0.4824
-0.502,-0.1323
-0.3828,0.4397
0.632,0.2389
-0.2251,0.267
0.697,0.0701
0.5938,0.588
0.628,0.2151
-0.2467,0.6455
-0.521,0.637
0.5996,0.012436
0.68,0.1092
-0.496,0.5977
0.1919,0.6504
