73580.jpg,0
150202.jpg,5
129608.jpg,1
361148.jpg,7
149335.jpg,2
412653.jpg,7
384862.jpg,5
294021.jpg,4
338622.jpg,0
88676.jpg,6
282872.jpg,2
144258.jpg,1
205787.jpg,2
200583.jpg,3
278845.jpg,7
399778.jpg,5
89521.jpg,4
349257.jpg,5
10457.jpg,2
210583.jpg,3
53783.jpg,3
77419.jpg,5
288972.jpg,3
61154.jpg,1
217442.jpg,7
389015.jpg,0
59051.jpg,6
171556.jpg,0
241846.jpg,7
139586.jpg,1
206059.jpg,3
289662.jpg,3
61859.jpg,0
258737.jpg,5
51533.jpg,0
340519.jpg,0
245773.jpg,6
81238.jpg,6
331300.jpg,7
91320.jpg,7
225523.jpg,2
346248.jpg,6
149560.jpg,7
21031.jpg,0
288144.jpg,4
69229.jpg,5
70859.jpg,6
363992.jpg,3
88458.jpg,6
216221.jpg,7
8123.jpg,4
95159.jpg,5
167137.jpg,6
281780.jpg,6
368841.jpg,2
203204.jpg,3
36279.jpg,2
123576.jpg,1
42934.jpg,7
340169.jpg,0
411526.jpg,4
59414.jpg,4
377259.jpg,1
163756.jpg,4
88689.jpg,2
1813.jpg,2
122087.jpg,1
78716.jpg,2
256338.jpg,7
235673.jpg,6
259192.jpg,1
272249.jpg,5
32201.jpg,3
266101.jpg,4
86920.jpg,7
368707.jpg,1
307546.jpg,6
269115.jpg,0
275897.jpg,3
275095.jpg,0
329041.jpg,5
66688.jpg,0
224043.jpg,2
298087.jpg,4
39472.jpg,3
363867.jpg,6
40166.jpg,4
129056.jpg,6
160980.jpg,0
186313.jpg,7
356847.jpg,7
264853.jpg,7
400701.jpg,3
92825.jpg,7
409128.jpg,0
125179.jpg,5
350909.jpg,0
225571.jpg,1
272347.jpg,5
226728.jpg,6
273963.jpg,2
366604.jpg,5
23095.jpg,5
276855.jpg,6
404973.jpg,6
65573.jpg,2
92640.jpg,3
367271.jpg,5
231342.jpg,0
76496.jpg,2
24376.jpg,3
364027.jpg,3
142775.jpg,0
317115.jpg,2
218776.jpg,2
286401.jpg,6
155218.jpg,1
23555.jpg,5
90109.jpg,7
63699.jpg,0
195837.jpg,2
432.jpg,7
9613.jpg,7
47630.jpg,4
47341.jpg,5
30927.jpg,5
298490.jpg,3
228025.jpg,4
353237.jpg,4
78658.jpg,0
17667.jpg,2
185490.jpg,7
176641.jpg,3
391140.jpg,7
179306.jpg,4
408173.jpg,7
147987.jpg,1
374358.jpg,2
301516.jpg,1
182209.jpg,4
403956.jpg,0
162381.jpg,7
171554.jpg,5
156581.jpg,3
103226.jpg,5
78125.jpg,4
16089.jpg,6
329604.jpg,7
137868.jpg,6
251764.jpg,2
333107.jpg,0
324365.jpg,4
115766.jpg,2
249260.jpg,6
83772.jpg,0
363989.jpg,3
71707.jpg,7
142610.jpg,7
269019.jpg,5
8974.jpg,1
321938.jpg,7
253729.jpg,4
335653.jpg,0
406278.jpg,3
200546.jpg,5
329649.jpg,0
241969.jpg,5
194076.jpg,3
327188.jpg,0
401113.jpg,7
82743.jpg,5
80987.jpg,3
306550.jpg,4
199975.jpg,1
8913.jpg,7
30747.jpg,6
49359.jpg,1
286116.jpg,6
385280.jpg,1
215693.jpg,5
43902.jpg,3
21438.jpg,6
48101.jpg,7
165025.jpg,0
118085.jpg,5
139257.jpg,5
363887.jpg,3
70641.jpg,5
101192.jpg,0
329855.jpg,1
32324.jpg,1
227976.jpg,6
8273.jpg,5
329352.jpg,4
186377.jpg,7
316873.jpg,7
179540.jpg,2
357837.jpg,7
324822.jpg,1
306218.jpg,7
413358.jpg,1
40022.jpg,3
189334.jpg,2
185202.jpg,4
160652.jpg,5
76967.jpg,4
8321.jpg,4
403403.jpg,0
241012.jpg,0
235426.jpg,4
289942.jpg,7
172756.jpg,0
384292.jpg,0
204439.jpg,1
206988.jpg,1
256286.jpg,2
243805.jpg,1
290479.jpg,6
317273.jpg,2
61570.jpg,1
388478.jpg,4
239474.jpg,1
356961.jpg,7
186968.jpg,4
381249.jpg,0
244493.jpg,0
128603.jpg,4
149231.jpg,5
408293.jpg,7
42478.jpg,7
258690.jpg,1
205453.jpg,7
319405.jpg,4
64213.jpg,0
314175.jpg,2
71833.jpg,1
230372.jpg,0
33035.jpg,4
11517.jpg,6
375831.jpg,6
336725.jpg,0
34245.jpg,1
23285.jpg,0
31859.jpg,7
139013.jpg,1
167179.jpg,3
349099.jpg,7
243538.jpg,1
262836.jpg,5
326539.jpg,3
267015.jpg,4
39853.jpg,4
164519.jpg,7
237758.jpg,0
126042.jpg,3
109822.jpg,5
292302.jpg,4
234870.jpg,6
148954.jpg,5
62497.jpg,0
235046.jpg,2
193443.jpg,5
286118.jpg,1
392646.jpg,5
413594.jpg,7
186946.jpg,6
1991.jpg,6
95139.jpg,1
159687.jpg,2
236560.jpg,2
53268.jpg,0
64089.jpg,6
174280.jpg,7
214996.jpg,4
285124.jpg,2
251276.jpg,7
293711.jpg,1
414478.jpg,2
63376.jpg,0
366740.jpg,3
314730.jpg,4
407391.jpg,3
223804.jpg,3
329059.jpg,3
104145.jpg,3
248094.jpg,0
237563.jpg,4
205434.jpg,5
3952.jpg,1
394436.jpg,0
193351.jpg,7
85731.jpg,5
94763.jpg,6
241342.jpg,0
373674.jpg,0
115316.jpg,3
331714.jpg,3
259958.jpg,7
364638.jpg,1
86819.jpg,4
165302.jpg,5
198874.jpg,6
298718.jpg,6
348062.jpg,4
352920.jpg,1
225180.jpg,4
263420.jpg,0
72354.jpg,4
341832.jpg,2
239151.jpg,0
399677.jpg,5
281802.jpg,3
86906.jpg,6
124257.jpg,1
135173.jpg,0
212387.jpg,5
220703.jpg,2
265247.jpg,3
404507.jpg,0
208110.jpg,1
183767.jpg,6
84884.jpg,6
252718.jpg,5
169652.jpg,2
12035.jpg,3
210712.jpg,4
275910.jpg,5
41888.jpg,0
64388.jpg,6
347606.jpg,3
37525.jpg,3
131502.jpg,1
99625.jpg,0
383741.jpg,1
298529.jpg,0
275060.jpg,0
91157.jpg,0
338120.jpg,3
218574.jpg,6
340859.jpg,3
172955.jpg,2
165005.jpg,7
133861.jpg,0
227941.jpg,5
251419.jpg,6
175456.jpg,2
261659.jpg,4
192282.jpg,4
164599.jpg,3
352804.jpg,3
12343.jpg,6
160893.jpg,5
32937.jpg,3
46058.jpg,3
281172.jpg,5
240596.jpg,7
215994.jpg,0
228078.jpg,1
261221.jpg,5
218434.jpg,6
50818.jpg,7
184221.jpg,2
189178.jpg,4
104394.jpg,3
186586.jpg,1
244299.jpg,5
165628.jpg,3
106601.jpg,2
334562.jpg,7
58879.jpg,5
9784.jpg,0
254712.jpg,3
357068.jpg,7
77770.jpg,5
219957.jpg,0
125741.jpg,1
228795.jpg,5
169869.jpg,4
177622.jpg,6
397912.jpg,2
329411.jpg,6
214465.jpg,5
400228.jpg,3
377371.jpg,1
62823.jpg,2
92715.jpg,4
213411.jpg,4
215223.jpg,6
395354.jpg,0
390874.jpg,6
159394.jpg,5
360845.jpg,1
96206.jpg,5
348480.jpg,2
346383.jpg,7
87953.jpg,4
56236.jpg,3
218813.jpg,4
195686.jpg,6
66803.jpg,1
363276.jpg,0
138770.jpg,1
394934.jpg,4
306576.jpg,4
253115.jpg,6
401264.jpg,0
109374.jpg,5
11828.jpg,1
93072.jpg,3
139314.jpg,1
312285.jpg,3
51407.jpg,1
145712.jpg,5
174254.jpg,3
259096.jpg,1
174419.jpg,4
362676.jpg,3
351556.jpg,5
230079.jpg,1
42252.jpg,7
312818.jpg,0
289863.jpg,4
374855.jpg,2
371892.jpg,6
178506.jpg,2
85418.jpg,7
274536.jpg,4
174139.jpg,3
100579.jpg,0
173604.jpg,6
404369.jpg,2
301277.jpg,7
93012.jpg,6
339122.jpg,2
203422.jpg,5
327199.jpg,2
238086.jpg,5
543.jpg,0
233833.jpg,7
369166.jpg,4
384724.jpg,2
362487.jpg,3
334299.jpg,0
80274.jpg,7
194943.jpg,4
292985.jpg,2
412472.jpg,0
335136.jpg,1
308522.jpg,2
71555.jpg,2
252144.jpg,3
101467.jpg,7
207200.jpg,3
268668.jpg,2
3417.jpg,6
378776.jpg,6
230315.jpg,3
213199.jpg,2
49778.jpg,7
254194.jpg,6
307206.jpg,6
3333.jpg,4
281975.jpg,0
120718.jpg,2
402328.jpg,2
13516.jpg,3
267344.jpg,4
117063.jpg,2
304194.jpg,4
116400.jpg,6
209909.jpg,1
59049.jpg,1
284082.jpg,1
206741.jpg,7
181825.jpg,1
255056.jpg,0
118472.jpg,1
93903.jpg,3
8609.jpg,3
297232.jpg,5
225107.jpg,2
341341.jpg,2
141493.jpg,2
3177.jpg,2
14232.jpg,3
309512.jpg,3
60847.jpg,4
413466.jpg,5
304756.jpg,7
166405.jpg,5
277516.jpg,3
313991.jpg,7
125565.jpg,2
265805.jpg,6
224224.jpg,1
143674.jpg,6
93765.jpg,4
142330.jpg,6
1095.jpg,1
150368.jpg,6
397810.jpg,7
335462.jpg,6
61962.jpg,6
27320.jpg,2
178725.jpg,0
28758.jpg,5
243795.jpg,2
254006.jpg,6
367206.jpg,0
284371.jpg,6
320529.jpg,5
312294.jpg,0
397229.jpg,6
200220.jpg,7
184350.jpg,5
9482.jpg,1
227403.jpg,6
159125.jpg,0
37436.jpg,5
71311.jpg,3
81668.jpg,4
362114.jpg,1
158469.jpg,4
104130.jpg,6
370346.jpg,4
228452.jpg,6
324722.jpg,4
23783.jpg,3
238917.jpg,3
346042.jpg,5
96347.jpg,6
150746.jpg,4
335731.jpg,6
360207.jpg,1
24504.jpg,7
345484.jpg,6
91765.jpg,4
104602.jpg,1
314285.jpg,5
154803.jpg,6
124968.jpg,2
349230.jpg,4
266521.jpg,1
399905.jpg,3
219843.jpg,1
233634.jpg,5
65117.jpg,2
214288.jpg,4
302961.jpg,5
131199.jpg,1
222507.jpg,1
160557.jpg,0
214545.jpg,2
55850.jpg,7
211597.jpg,3
51711.jpg,2
166052.jpg,1
62421.jpg,3
81712.jpg,7
373832.jpg,2
150654.jpg,2
85877.jpg,3
167706.jpg,4
77693.jpg,4
319542.jpg,1
97718.jpg,1
279779.jpg,1
371280.jpg,2
309786.jpg,5
240871.jpg,1
57622.jpg,3
128788.jpg,6
263554.jpg,7
117393.jpg,0
109372.jpg,6
218724.jpg,7
191845.jpg,2
113002.jpg,6
322133.jpg,1
89853.jpg,2
108649.jpg,4
106061.jpg,7
184415.jpg,0
290633.jpg,3
207447.jpg,7
72218.jpg,7
58461.jpg,2
282357.jpg,4
207244.jpg,4
404829.jpg,2
52908.jpg,0
90589.jpg,1
403369.jpg,0
247307.jpg,2
247726.jpg,1
284014.jpg,5
344197.jpg,7
212450.jpg,5
175123.jpg,5
194992.jpg,0
337331.jpg,1
280717.jpg,1
23367.jpg,3
42979.jpg,2
63489.jpg,0
88053.jpg,2
109167.jpg,0
167636.jpg,7
317571.jpg,7
52950.jpg,0
135470.jpg,7
115308.jpg,7
403204.jpg,5
318468.jpg,4
290083.jpg,5
340661.jpg,0
236322.jpg,4
26977.jpg,3
3657.jpg,7
216927.jpg,3
82630.jpg,4
351127.jpg,6
379310.jpg,2
11120.jpg,5
367428.jpg,4
350222.jpg,4
89563.jpg,7
214912.jpg,3
159648.jpg,7
28901.jpg,2
54436.jpg,6
264159.jpg,2
289691.jpg,0
249498.jpg,4
238980.jpg,3
83467.jpg,1
91280.jpg,4
37167.jpg,1
37338.jpg,5
360408.jpg,6
35286.jpg,2
344447.jpg,7
51336.jpg,7
295885.jpg,7
105758.jpg,5
314894.jpg,6
29868.jpg,2
188276.jpg,4
83793.jpg,5
413622.jpg,3
350216.jpg,1
400357.jpg,6
290659.jpg,6
225855.jpg,6
391441.jpg,6
276638.jpg,4
231377.jpg,2
263613.jpg,6
4671.jpg,0
218302.jpg,1
396537.jpg,4
403256.jpg,7
321825.jpg,5
383537.jpg,1
87263.jpg,3
308362.jpg,1
169826.jpg,4
47174.jpg,6
107583.jpg,2
232254.jpg,6
241208.jpg,4
259385.jpg,1
156612.jpg,3
132405.jpg,6
259362.jpg,4
380161.jpg,5
410701.jpg,6
75595.jpg,1
21093.jpg,1
357475.jpg,4
302946.jpg,6
252666.jpg,4
289972.jpg,1
41593.jpg,7
400781.jpg,0
157621.jpg,2
277688.jpg,0
180346.jpg,2
350017.jpg,7
60466.jpg,5
402486.jpg,5
165889.jpg,7
335197.jpg,5
409211.jpg,7
94644.jpg,3
113191.jpg,0
85912.jpg,0
45423.jpg,2
132615.jpg,1
13739.jpg,7
255497.jpg,5
165798.jpg,7
300799.jpg,4
6374.jpg,5
3174.jpg,4
7266.jpg,2
91123.jpg,3
88701.jpg,3
229639.jpg,6
177710.jpg,1
306844.jpg,3
258607.jpg,1
328001.jpg,5
364740.jpg,3
313295.jpg,2
163204.jpg,0
154617.jpg,6
115737.jpg,7
54882.jpg,4
61513.jpg,2
148605.jpg,6
229373.jpg,1
227142.jpg,5
75555.jpg,7
237736.jpg,1
314391.jpg,3
103172.jpg,3
384694.jpg,2
158978.jpg,1
234926.jpg,7
302019.jpg,0
153609.jpg,6
268200.jpg,6
208181.jpg,2
246658.jpg,4
371121.jpg,3
38181.jpg,0
148203.jpg,1
382089.jpg,0
375985.jpg,0
362004.jpg,4
162434.jpg,2
250568.jpg,6
161588.jpg,3
405349.jpg,0
409337.jpg,5
71254.jpg,0
237248.jpg,4
142442.jpg,5
102906.jpg,7
277541.jpg,5
362452.jpg,4
148345.jpg,3
377348.jpg,0
241173.jpg,5
236172.jpg,4
411678.jpg,6
217632.jpg,4
254429.jpg,6
192863.jpg,6
141991.jpg,7
213651.jpg,2
186410.jpg,2
83848.jpg,3
300594.jpg,5
165226.jpg,3
219157.jpg,5
293784.jpg,3
10396.jpg,0
249829.jpg,3
167498.jpg,1
191945.jpg,0
101546.jpg,4
351709.jpg,5
111422.jpg,7
256836.jpg,2
169112.jpg,5
254440.jpg,5
259697.jpg,3
110054.jpg,6
289996.jpg,4
384468.jpg,2
105930.jpg,4
141367.jpg,3
98025.jpg,2
334385.jpg,2
286599.jpg,1
153214.jpg,2
171979.jpg,3
194531.jpg,5
145977.jpg,7
303969.jpg,5
140565.jpg,1
175098.jpg,1
42696.jpg,6
398871.jpg,7
400981.jpg,7
346675.jpg,0
261817.jpg,2
365396.jpg,0
